{"loss":{"0":0.7151361108,"1":0.6639823914,"2":0.5477235317,"3":0.4487816989,"4":0.3747594655,"5":0.3130981922,"6":0.2667463124,"7":0.2107747048,"8":0.1603225917,"9":0.1175672859,"10":0.0857476145,"11":0.0641384199},"setup_0_loss":{"0":0.72895509,"1":0.6699272394,"2":0.5771792531,"3":0.4803799093,"4":0.3814362586,"5":0.2801763713,"6":0.2599811554,"7":0.187306881,"8":0.127826333,"9":0.0800940543,"10":0.0454144813,"11":0.0292003639},"setup_1_loss":{"0":0.724815011,"1":0.6629478335,"2":0.5726713538,"3":0.5017053485,"4":0.442938,"5":0.4141926169,"6":0.388252914,"7":0.3590787649,"8":0.2978105843,"9":0.2613839209,"10":0.2315547913,"11":0.1943732202},"setup_2_loss":{"0":0.7375602126,"1":0.6613565683,"2":0.572117269,"3":0.5231080651,"4":0.4708496928,"5":0.4410434365,"6":0.3994928598,"7":0.3136736155,"8":0.251249373,"9":0.1816887856,"10":0.115296334,"11":0.0605714284},"setup_3_loss":{"0":0.7135401964,"1":0.6623197794,"2":0.5734837651,"3":0.5007078052,"4":0.4284549654,"5":0.3285546899,"6":0.2900574505,"7":0.2473160326,"8":0.1841636002,"9":0.1274434924,"10":0.0802378356,"11":0.0445791557},"setup_4_loss":{"0":0.7226689458,"1":0.6561616659,"2":0.5694547892,"3":0.4764138758,"4":0.3798345923,"5":0.3186393678,"6":0.2611046135,"7":0.1744413972,"8":0.1236774623,"9":0.0770681277,"10":0.0518759973,"11":0.0279519856},"setup_5_loss":{"0":0.704154253,"1":0.6644896865,"2":0.5467079282,"3":0.4232114553,"4":0.3620036542,"5":0.295866251,"6":0.2316892147,"7":0.142887488,"8":0.0932352021,"9":0.0674415231,"10":0.0315527432,"11":0.0343023241},"setup_6_loss":{"0":0.6998713613,"1":0.6792058945,"2":0.5115066171,"3":0.3862870038,"4":0.3333055675,"5":0.2654753029,"6":0.2153432667,"7":0.1956169605,"8":0.1727115512,"9":0.1268134415,"10":0.0931226686,"11":0.0575861335},"setup_7_loss":{"0":0.7088117003,"1":0.6511623263,"2":0.538197875,"3":0.4173585176,"4":0.3382765055,"5":0.2947617173,"6":0.2639531791,"7":0.2341694385,"8":0.1801388413,"9":0.15871647,"10":0.1184568033,"11":0.0887324885},"setup_8_loss":{"0":0.7043944597,"1":0.658067286,"2":0.4602039754,"3":0.3491505682,"4":0.2861503959,"5":0.2282195389,"6":0.168705374,"7":0.1103649586,"8":0.0653264374,"9":0.038158033,"10":0.0599143058,"11":0.0879746005},"setup_9_loss":{"0":0.7065899372,"1":0.6741856337,"2":0.5557123423,"3":0.4294945896,"4":0.3243446648,"5":0.2640527785,"6":0.1888830215,"7":0.1428914219,"8":0.1070864648,"9":0.0568649881,"10":0.0300501119,"11":0.0161123928},"setup_0_accuracy":{"0":0.5074946284,"1":0.5117772818,"2":0.6059957147,"3":0.8522483706,"4":0.8758029938,"5":0.9014989138,"6":0.8993576169,"7":0.9314774871,"8":0.9571734667,"9":0.97430408,"10":0.98715204,"11":0.9914346933},"setup_0_precision_7":{"0":0.0,"1":0.0,"2":0.8928571343,"3":0.8565022349,"4":0.8483606577,"5":0.8421052694,"6":0.8663967848,"7":0.8920000196,"8":0.9333333373,"9":0.9576271176,"10":0.9743589759,"11":0.9827586412},"setup_0_recall_7":{"0":0.0,"1":0.0,"2":0.2192982435,"3":0.8377193213,"4":0.9078947306,"5":0.9824561477,"6":0.938596487,"7":0.9780701995,"8":0.9824561477,"9":0.991228044,"10":1.0,"11":1.0},"setup_1_accuracy":{"0":0.4989429116,"1":0.507399559,"2":0.5221987367,"3":0.8456659913,"4":0.8710359335,"5":0.8816067576,"6":0.9027484059,"7":0.9133192301,"8":0.9090909362,"9":0.9112050533,"10":0.9133192301,"11":0.9196617603},"setup_1_precision_7":{"0":0.3333333433,"1":0.0,"2":0.7058823705,"3":0.8389830589,"4":0.8524590135,"5":0.858299613,"6":0.8666666746,"7":0.8609022498,"8":0.8544775844,"9":0.8550186157,"10":0.8609022498,"11":0.87356323},"setup_1_recall_7":{"0":0.0171673819,"1":0.0,"2":0.0515021458,"3":0.8497853875,"4":0.8927038908,"5":0.9098712206,"6":0.9484978318,"7":0.9828326106,"8":0.9828326106,"9":0.9871244431,"10":0.9828326106,"11":0.9785407782},"setup_2_accuracy":{"0":0.5096359849,"1":0.5160599351,"2":0.5160599351,"3":0.8222697973,"4":0.8479657173,"5":0.8865096569,"6":0.8608136773,"7":0.8993576169,"8":0.9057815671,"9":0.9271948338,"10":0.96145612,"11":0.9764453769},"setup_2_precision_7":{"0":0.2857142985,"1":0.0,"2":0.0,"3":0.8666666746,"4":0.8638497591,"5":0.8339768052,"6":0.8546255231,"7":0.8352059722,"8":0.8669354916,"9":0.8870967627,"10":0.9262295365,"11":0.9653679729},"setup_2_recall_7":{"0":0.0088495575,"1":0.0,"2":0.0,"3":0.7477875948,"4":0.8141592741,"5":0.9557521939,"6":0.8584070802,"7":0.986725688,"8":0.9513274431,"9":0.9734513164,"10":1.0,"11":0.986725688},"setup_3_accuracy":{"0":0.512765944,"1":0.512765944,"2":0.5595744848,"3":0.8297872543,"4":0.8468084931,"5":0.8723404408,"6":0.8829787374,"7":0.9127659798,"8":0.931914866,"9":0.9574468136,"10":0.974468112,"11":0.9851064086},"setup_3_precision_7":{"0":0.5,"1":0.0,"2":0.8928571343,"3":0.8371040821,"4":0.8230452538,"5":0.8095238209,"6":0.8372092843,"7":0.8587786555,"8":0.8924303055,"9":0.9372385144,"10":0.9578059316,"11":0.9743589759},"setup_3_recall_7":{"0":0.0131004369,"1":0.0,"2":0.1091703027,"3":0.8078602552,"4":0.873362422,"5":0.9650654793,"6":0.9432314634,"7":0.9825327396,"8":0.9781659245,"9":0.9781659245,"10":0.9912663698,"11":0.9956331849},"setup_4_accuracy":{"0":0.494669497,"1":0.513859272,"2":0.5948827267,"3":0.8379530907,"4":0.8997867703,"5":0.8763326406,"6":0.9040511847,"7":0.9402984977,"8":0.96162045,"9":0.9701492786,"10":0.989338994,"11":0.9936034083},"setup_4_precision_7":{"0":0.1538461596,"1":0.0,"2":0.8799999952,"3":0.8689320683,"4":0.8786610961,"5":0.8057553768,"6":0.8588235378,"7":0.9098360538,"8":0.9268292785,"9":0.9652174115,"10":0.9785407782,"11":1.0},"setup_4_recall_7":{"0":0.0087719299,"1":0.0,"2":0.1929824501,"3":0.7850877047,"4":0.9210526347,"5":0.9824561477,"6":0.9605262876,"7":0.9736841917,"8":1.0,"9":0.9736841917,"10":1.0,"11":0.9868420959},"setup_5_accuracy":{"0":0.4562899768,"1":0.513859272,"2":0.7420042753,"3":0.8251599073,"4":0.842217505,"5":0.8827292323,"6":0.8912580013,"7":0.9552238584,"8":0.9658848643,"9":0.972281456,"10":0.991471231,"11":0.9872068167},"setup_5_precision_7":{"0":0.2399999946,"1":1.0,"2":0.8103448153,"3":0.7794677019,"4":0.8015564084,"5":0.8536585569,"6":0.8803418875,"7":0.9406779408,"8":0.949367106,"9":0.961538434,"10":0.9870129824,"11":0.9868995547},"setup_5_recall_7":{"0":0.0524017476,"1":0.0043668123,"2":0.6157205105,"3":0.8951964974,"4":0.8995633125,"5":0.9170305729,"6":0.8995633125,"7":0.9694322944,"8":0.9825327396,"9":0.9825327396,"10":0.9956331849,"11":0.9868995547},"setup_6_accuracy":{"0":0.4446808398,"1":0.5297872424,"2":0.7787234187,"3":0.8340425491,"4":0.8446808457,"5":0.8999999762,"6":0.9148936272,"7":0.9234042764,"8":0.934042573,"9":0.9510638118,"10":0.9680851102,"11":0.9851064086},"setup_6_precision_7":{"0":0.25,"1":0.8999999762,"2":0.7990430593,"3":0.8296943307,"4":0.8545454741,"5":0.8956521749,"6":0.9200000167,"7":0.9106382728,"8":0.9159663916,"9":0.9439654946,"10":0.9652174115,"11":0.982608676},"setup_6_recall_7":{"0":0.0698689967,"1":0.0393013097,"2":0.7292576432,"3":0.8296943307,"4":0.8209607005,"5":0.8995633125,"6":0.9039301276,"7":0.9344978333,"8":0.9519650936,"9":0.9563318491,"10":0.9694322944,"11":0.9868995547},"setup_7_accuracy":{"0":0.4547413886,"1":0.5172413588,"2":0.7693965435,"3":0.8383620977,"4":0.8534482718,"5":0.8857758641,"6":0.8943965435,"7":0.9094827771,"8":0.9310345054,"9":0.9310345054,"10":0.9461206794,"11":0.9547413588},"setup_7_precision_7":{"0":0.146341458,"1":0.0,"2":0.8305084705,"3":0.7968127728,"4":0.8046875,"5":0.8433734775,"6":0.8252788186,"7":0.8640000224,"8":0.8779527545,"9":0.875,"10":0.8995984197,"11":0.9142857194},"setup_7_recall_7":{"0":0.0267857146,"1":0.0,"2":0.65625,"3":0.8928571343,"4":0.9196428657,"5":0.9375,"6":0.991071403,"7":0.9642857313,"8":0.9955357313,"9":1.0,"10":1.0,"11":1.0},"setup_8_accuracy":{"0":0.4734607339,"1":0.5923566818,"2":0.8110403419,"3":0.8492568731,"4":0.8917197585,"5":0.8917197585,"6":0.9384288788,"7":0.9532908797,"8":0.9702759981,"9":0.9851379991,"10":0.9745222926,"11":0.9745222926},"setup_8_precision_7":{"0":0.3191489279,"1":0.8196721077,"2":0.8086956739,"3":0.8508771658,"4":0.9017857313,"5":0.8719007969,"6":0.9391304255,"7":0.9409282804,"8":0.9656652212,