{"loss":{"0":0.6959373951,"1":0.5234281421,"2":0.4020200074,"3":0.3050828874,"4":0.2299516052,"5":0.1582621038,"6":0.1058504805,"7":0.0588090345,"8":0.032383509,"9":0.0191973541,"10":0.0119135333},"setup_0_loss":{"0":0.682698667,"1":0.4743208289,"2":0.3807789385,"3":0.2927276492,"4":0.2168166786,"5":0.1209663525,"6":0.0739943907,"7":0.038706243,"8":0.0213788766,"9":0.010626995,"10":0.0060836738},"setup_1_loss":{"0":0.7003355026,"1":0.5389774442,"2":0.437751919,"3":0.3332844377,"4":0.2424537987,"5":0.1761230677,"6":0.1147990599,"7":0.0665013269,"8":0.0433832295,"9":0.0303056128,"10":0.0134873521},"setup_2_loss":{"0":0.6951628923,"1":0.520483911,"2":0.418810159,"3":0.3278220892,"4":0.2474547029,"5":0.1804963499,"6":0.120277293,"7":0.0908876806,"8":0.0387883633,"9":0.020404283,"10":0.0099341031},"setup_3_loss":{"0":0.6936879158,"1":0.4946779907,"2":0.3660634458,"3":0.2686235011,"4":0.197608754,"5":0.1248965114,"6":0.1137753651,"7":0.0525259152,"8":0.0299519505,"9":0.0148587842,"10":0.0098619293},"setup_4_loss":{"0":0.7024868131,"1":0.5480846167,"2":0.4005489647,"3":0.3123545051,"4":0.2365563959,"5":0.151232332,"6":0.106336534,"7":0.0535596088,"8":0.0298670642,"9":0.0147474492,"10":0.0111037754},"setup_5_loss":{"0":0.7011019588,"1":0.5623648167,"2":0.4320601523,"3":0.3393492699,"4":0.2482224107,"5":0.1696658283,"6":0.1255649179,"7":0.0608582497,"8":0.031858623,"9":0.0197313391,"10":0.0150261363},"setup_6_loss":{"0":0.6994155645,"1":0.5222633481,"2":0.3718827963,"3":0.2656726837,"4":0.1931028366,"5":0.1245538667,"6":0.0691377297,"7":0.0353024676,"8":0.022080522,"9":0.0104978252,"10":0.0074186362},"setup_7_loss":{"0":0.6840629578,"1":0.5008171797,"2":0.3798379302,"3":0.2931646407,"4":0.2293623388,"5":0.1876481473,"6":0.1084191725,"7":0.0585943162,"8":0.0341927297,"9":0.0187385306,"10":0.0103103677},"setup_8_loss":{"0":0.6989194155,"1":0.5489991903,"2":0.4120828211,"3":0.2954877913,"4":0.2408358753,"5":0.1652997881,"6":0.1001313403,"7":0.0511361286,"8":0.0287185702,"9":0.0201124623,"10":0.0146481292},"setup_9_loss":{"0":0.7015028,"1":0.5232920647,"2":0.4203827083,"3":0.322342217,"4":0.2471021116,"5":0.1817387491,"6":0.1260690093,"7":0.0800184309,"8":0.0436151735,"9":0.0319502428,"10":0.0212612282},"setup_0_accuracy":{"0":0.5396145582,"1":0.8115631938,"2":0.8265524507,"3":0.8865096569,"4":0.9164882302,"5":0.9593147635,"6":0.9785867333,"7":0.9957173467,"8":1.0,"9":1.0,"10":1.0},"setup_0_precision_8":{"0":0.5278970003,"1":0.7799999714,"2":0.8024691343,"3":0.9069767594,"4":0.9237667918,"5":0.9523809552,"6":0.9780701995,"7":0.991304338,"8":1.0,"9":1.0,"10":1.0},"setup_0_recall_8":{"0":0.5394737124,"1":0.8552631736,"2":0.8552631736,"3":0.8552631736,"4":0.9035087824,"5":0.9649122953,"6":0.9780701995,"7":1.0,"8":1.0,"9":1.0,"10":1.0},"setup_1_accuracy":{"0":0.5010570884,"1":0.7949259877,"2":0.7885835171,"3":0.8710359335,"4":0.9027484059,"5":0.9408034086,"6":0.9640591741,"7":0.9809725285,"8":0.9915433526,"9":0.9915433526,"10":1.0},"setup_1_precision_8":{"0":0.4933920801,"1":0.814814806,"2":0.7714285851,"3":0.8644067645,"4":0.8847736716,"5":0.9361702204,"6":0.9576271176,"7":0.9786324501,"8":1.0,"9":0.9956709743,"10":1.0},"setup_1_recall_8":{"0":0.4806866944,"1":0.7553648353,"2":0.8111587763,"3":0.8755365014,"4":0.9227467775,"5":0.9442059994,"6":0.9699570537,"7":0.9828326106,"8":0.9828326106,"9":0.9871244431,"10":1.0},"setup_2_accuracy":{"0":0.5224839449,"1":0.792291224,"2":0.8008565307,"3":0.8715203404,"4":0.9057815671,"5":0.9271948338,"6":0.9700214267,"7":0.9764453769,"8":0.9957173467,"9":0.9978586435,"10":1.0},"setup_2_precision_8":{"0":0.5059760809,"1":0.7841409445,"2":0.7782427073,"3":0.8458333611,"4":0.8922413588,"5":0.9210526347,"6":0.9818181992,"7":0.9694322944,"8":0.991228044,"9":1.0,"10":1.0},"setup_2_recall_8":{"0":0.5619469285,"1":0.7876105905,"2":0.8230088353,"3":0.8982300758,"4":0.9159291983,"5":0.9292035103,"6":0.9557521939,"7":0.9823008776,"8":1.0,"9":0.9955752492,"10":1.0},"setup_3_accuracy":{"0":0.5425531864,"1":0.7808510661,"2":0.8404255509,"3":0.8829787374,"4":0.8999999762,"5":0.9510638118,"6":0.9553191662,"7":0.9914893508,"8":0.9957447052,"9":1.0,"10":1.0},"setup_3_precision_8":{"0":0.533018887,"1":0.7837837934,"2":0.8208333254,"3":0.8686440587,"4":0.8791666627,"5":0.9153226018,"6":0.9561403394,"7":0.9912663698,"8":0.9956331849,"9":1.0,"10":1.0},"setup_3_recall_8":{"0":0.4934497774,"1":0.7598253489,"2":0.8602620363,"3":0.8951964974,"4":0.921397388,"5":0.9912663698,"6":0.9519650936,"7":0.9912663698,"8":0.9956331849,"9":1.0,"10":1.0},"setup_4_accuracy":{"0":0.4690831602,"1":0.7995735407,"2":0.814498961,"3":0.869936049,"4":0.916844368,"5":0.944562912,"6":0.9658848643,"7":0.991471231,"8":0.9936034083,"9":0.9978678226,"10":1.0},"setup_4_precision_8":{"0":0.4594594538,"1":0.8284313679,"2":0.8025751114,"3":0.8493723869,"4":0.892116189,"5":0.9429824352,"6":0.9453781247,"7":0.991228044,"8":0.9912663698,"9":0.9956331849,"10":1.0},"setup_4_recall_8":{"0":0.5219298005,"1":0.741228044,"2":0.8201754093,"3":0.8903508782,"4":0.9429824352,"5":0.9429824352,"6":0.9868420959,"7":0.991228044,"8":0.9956140518,"9":1.0,"10":1.0},"setup_5_accuracy":{"0":0.4328358173,"1":0.7803837657,"2":0.78464818,"3":0.8635394573,"4":0.9125799537,"5":0.9402984977,"6":0.9658848643,"7":0.989338994,"8":0.9936034083,"9":0.9978678226,"10":0.9978678226},"setup_5_precision_8":{"0":0.4381271005,"1":0.7603305578,"2":0.768907547,"3":0.8540772796,"4":0.8916666508,"5":0.9350649118,"6":0.9610389471,"7":0.9827586412,"8":0.9956140518,"9":1.0,"10":0.9956521988},"setup_5_recall_8":{"0":0.5720524192,"1":0.8034934402,"2":0.7991266251,"3":0.8689956069,"4":0.9344978333,"5":0.9432314634,"6":0.9694322944,"7":0.9956331849,"8":0.9912663698,"9":0.9956331849,"10":1.0},"setup_6_accuracy":{"0":0.4829787314,"1":0.7893617153,"2":0.8404255509,"3":0.8893616796,"4":0.9276595712,"5":0.9553191662,"6":0.987234056,"7":0.9978723526,"8":0.9978723526,"9":1.0,"10":1.0},"setup_6_precision_8":{"0":0.4692982435,"1":0.8316326737,"2":0.8104838729,"3":0.8672199249,"4":0.9113923907,"5":0.9561403394,"6":0.9868995547,"7":0.9956521988,"8":1.0,"9":1.0,"10":1.0},"setup_6_recall_8":{"0":0.4672489166,"1":0.7117903829,"2":0.8777292371,"3":0.9126637578,"4":0.9432314634,"5":0.9519650936,"6":0.9868995547,"7":1.0,"8":0.9956331849,"9":1.0,"10":1.0},"setup_7_accuracy":{"0":0.5732758641,"1":0.7780172229,"2":0.8189654946,"3":0.8836206794,"4":0.9116379023,"5":0.9310345054,"6":0.9784482718,"7":0.9870689511,"8":0.9956896305,"9":1.0,"10":1.0},"setup_7_precision_8":{"0":0.571428597,"1":0.7641921639,"2":0.7916666865,"3":0.8571428657,"4":0.8860759735,"5":0.928571403,"6":0.9863636494,"7":0.9909909964,"8":0.9955357313,"9":1.0,"10":1.0},"setup_7_recall_8":{"0":0.4642857015,"1":0.78125,"2":0.8482142687,"3":0.9107142687,"4":0.9375,"5":0.928571403,"6":0.96875,"7":0.9821428657,"8":0.9955357313,"9":1.0,"10":1.0},"setup_8_accuracy":{"0":0.4670912921,"1":0.7855626345,"2":0.8216560483,"3":0.8853503466,"4":0.893842876,"5":0.9320594668,"6":0.9723991752,"7":0.991507411,"8":0.9957537055,"9":0.9978768826,"10":0.9978768826},"setup_8_precision_8":{"0":0.4576271176,"1":0.803738296,"2":0.8209607005,"3":0.8554216623,"4":0.9022222161,"5":0.9307359457,"6":0.9780701995,"7":0.9871244431,"8":1.0,"9":1.0,"10":1.0},"setup_8_recall_8":{"0":0.4675324559,"1":0.7445887327,"2":0.813852787,"3":0.9220778942,"4":0.8787878752,"5":0.9307359457,"6":0.9653679729,"7":0.9956709743,"8":0.9913420081,"9":0.9956709743,"10":0.9956709743},"setup_9_accuracy":{"0":0.4291754663,"1":0.8118393421,"2":0.8076109886,"3":0.8625792861,"4":0.9006342292,"5":0.926004231,"6":0.9682875276,"7":0.9788583517,"8":0.9936575294,"9":0.9936575294,"10":0.9978858232},"setup_9_precision_8":{"0":0.4393442571,"1":0.8025209904,"2":0.788617909,"3":0.8500000238,"4":0.8940678239,"5":0.9304347634,"6":0.9579831958,"7":0.9785407782,"8":0.9956896305,"9":0.991452992,"10":0.9957264662},"setup_9_recall_8":{"0":0.5751072764,"1":0.8197425008,"2":0.8326179981,"3":0.8755365014,"4":0.9055793881,"5":0.9184549451,"6":0.9785407782,"7":0.9785407782,