{"loss":{"0":0.6755847931,"1":0.4596861303,"2":0.3543845713,"3":0.2795909941,"4":0.219893828,"5":0.1639293879,"6":0.1126666665,"7":0.074821189,"8":0.0520241782,"9":0.0386979766,"10":0.0273978952},"setup_0_loss":{"0":0.6697692871,"1":0.4496312141,"2":0.3488611579,"3":0.2588951886,"4":0.2013026625,"5":0.1296623051,"6":0.0826032013,"7":0.0532048307,"8":0.0316823348,"9":0.0230864678,"10":0.0140640261},"setup_1_loss":{"0":0.680998683,"1":0.4743706882,"2":0.3733918369,"3":0.3035711348,"4":0.233705014,"5":0.1627004147,"6":0.106344074,"7":0.0593812019,"8":0.0388333052,"9":0.0237919502,"10":0.0164048653},"setup_2_loss":{"0":0.6813643575,"1":0.4887357354,"2":0.3758368194,"3":0.3045579791,"4":0.2570517361,"5":0.2124302089,"6":0.1412646323,"7":0.1131110638,"8":0.0886722878,"9":0.076400362,"10":0.0531474911},"setup_3_loss":{"0":0.6699940562,"1":0.4460456669,"2":0.333868444,"3":0.2865488827,"4":0.2150394619,"5":0.166398257,"6":0.115613319,"7":0.0773234218,"8":0.0475027636,"9":0.0358798876,"10":0.03094678},"setup_4_loss":{"0":0.6857295036,"1":0.4785411358,"2":0.3342797756,"3":0.2495835721,"4":0.1753574461,"5":0.1220644712,"6":0.0848980248,"7":0.0454366505,"8":0.0287363026,"9":0.0194549952,"10":0.0187544283},"setup_5_loss":{"0":0.6839706302,"1":0.4866088033,"2":0.4068718851,"3":0.3211167455,"4":0.2373562455,"5":0.159945786,"6":0.1239499301,"7":0.0912412927,"8":0.0687208027,"9":0.052096352,"10":0.041398216},"setup_6_loss":{"0":0.6717637181,"1":0.44083637,"2":0.3346080482,"3":0.2525665462,"4":0.1959178299,"5":0.1341302544,"6":0.0910576582,"7":0.0473509543,"8":0.0422118194,"9":0.0250500292,"10":0.015012702},"setup_7_loss":{"0":0.6634635329,"1":0.4225090742,"2":0.3230381012,"3":0.2665973902,"4":0.2116710544,"5":0.2039690316,"6":0.1362135708,"7":0.0939622894,"8":0.0681465641,"9":0.0440728627,"10":0.0283722691},"setup_8_loss":{"0":0.6680087447,"1":0.4584783614,"2":0.3616804779,"3":0.2890242338,"4":0.2555882633,"5":0.1798095852,"6":0.1316591501,"7":0.0904393643,"8":0.0495981239,"9":0.0305798445,"10":0.0221026689},"setup_9_loss":{"0":0.680785954,"1":0.45110479,"2":0.3514088988,"3":0.2634481788,"4":0.215948388,"5":0.1681835055,"6":0.1130631343,"7":0.0767608061,"8":0.05613745,"9":0.056567017,"10":0.0337755084},"setup_0_accuracy":{"0":0.5695931315,"1":0.7815845609,"2":0.8372591138,"3":0.8993576169,"4":0.9207708836,"5":0.9593147635,"6":0.9764453769,"7":0.9850106835,"8":0.9978586435,"9":0.9935759902,"10":1.0},"setup_0_precision_6":{"0":0.5363881588,"1":0.7916666865,"2":0.8140496016,"3":0.8884119987,"4":0.9029535651,"5":0.9603524208,"6":0.9617021084,"7":0.9825327396,"8":0.9956331849,"9":0.9912663698,"10":1.0},"setup_0_recall_6":{"0":0.8728070259,"1":0.75,"2":0.8640350699,"3":0.9078947306,"4":0.938596487,"5":0.9561403394,"6":0.991228044,"7":0.9868420959,"8":1.0,"9":0.9956140518,"10":1.0},"setup_1_accuracy":{"0":0.5708245039,"1":0.792811811,"2":0.8350951672,"3":0.875264287,"4":0.9069767594,"5":0.9302325845,"6":0.9661733508,"7":0.9894291759,"8":0.9915433526,"9":0.9915433526,"10":0.9978858232},"setup_1_precision_6":{"0":0.5350467563,"1":0.79475981,"2":0.8297872543,"3":0.8565573692,"4":0.8888888955,"5":0.9310345054,"6":0.9617021084,"7":0.9913793206,"8":0.9914163351,"9":0.987234056,"10":1.0},"setup_1_recall_6":{"0":0.9828326106,"1":0.7811158895,"2":0.8369098902,"3":0.8969957232,"4":0.92703861,"5":0.92703861,"6":0.9699570537,"7":0.9871244431,"8":0.9914163351,"9":0.9957081676,"10":0.9957081676},"setup_2_accuracy":{"0":0.5653104782,"1":0.7730192542,"2":0.8265524507,"3":0.8629550338,"4":0.8843683004,"5":0.9186295271,"6":0.9593147635,"7":0.9657387733,"8":0.9700214267,"9":0.97430408,"10":0.9850106835},"setup_2_precision_6":{"0":0.5281173587,"1":0.7564102411,"2":0.8280543089,"3":0.8616071343,"4":0.8613445163,"5":0.935185194,"6":0.9519650936,"7":0.9565217495,"8":0.9690265656,"9":0.977678597,"10":0.9910314083},"setup_2_recall_6":{"0":0.9557521939,"1":0.7831858397,"2":0.8097345233,"3":0.8539823294,"4":0.9070796371,"5":0.893805325,"6":0.9646017551,"7":0.9734513164,"8":0.9690265656,"9":0.9690265656,"10":0.9778761268},"setup_3_accuracy":{"0":0.5787234306,"1":0.7957446575,"2":0.8574467897,"3":0.8617021441,"4":0.9042553306,"5":0.931914866,"6":0.959574461,"7":0.974468112,"8":0.987234056,"9":0.9914893508,"10":0.9851064086},"setup_3_precision_6":{"0":0.5388470888,"1":0.80930233,"2":0.8715596199,"3":0.8280000091,"4":0.8865545988,"5":0.9301310182,"6":0.9487179518,"7":0.9696969986,"8":0.9785407782,"9":0.9955947399,"10":0.9868420959},"setup_3_recall_6":{"0":0.9388646483,"1":0.7598253489,"2":0.8296943307,"3":0.9039301276,"4":0.921397388,"5":0.9301310182,"6":0.9694322944,"7":0.9781659245,"8":0.9956331849,"9":0.9868995547,"10":0.9825327396},"setup_4_accuracy":{"0":0.5650320053,"1":0.7867803574,"2":0.8528784513,"3":0.9019189477,"4":0.942430675,"5":0.96162045,"6":0.963752687,"7":0.989338994,"8":0.9936034083,"9":0.9957355857,"10":0.9936034083},"setup_4_precision_6":{"0":0.5310880542,"1":0.7735042572,"2":0.8412017226,"3":0.8922413588,"4":0.9350649118,"5":0.9525862336,"6":0.9606986642,"7":0.9868995547,"8":0.9912663698,"9":0.991304338,"10":0.9912663698},"setup_4_recall_6":{"0":0.8991228342,"1":0.7938596606,"2":0.8596491218,"3":0.9078947306,"4":0.947368443,"5":0.9692982435,"6":0.9649122953,"7":0.991228044,"8":0.9956140518,"9":1.0,"10":0.9956140518},"setup_5_accuracy":{"0":0.541577816,"1":0.7718549967,"2":0.8081023693,"3":0.8635394573,"4":0.889125824,"5":0.942430675,"6":0.96162045,"7":0.9744136333,"8":0.972281456,"9":0.9850746393,"10":0.9872068167},"setup_5_precision_6":{"0":0.5181347132,"1":0.7798165083,"2":0.7813765407,"3":0.8313252926,"4":0.8898678422,"5":0.9316239357,"6":0.9730941653,"7":0.9696969986,"8":0.9576271176,"9":0.982608676,"10":0.9785407782},"setup_5_recall_6":{"0":0.873362422,"1":0.7423580885,"2":0.842794776,"3":0.9039301276,"4":0.8820960522,"5":0.9519650936,"6":0.9475982785,"7":0.9781659245,"8":0.9868995547,"9":0.9868995547,"10":0.9956331849},"setup_6_accuracy":{"0":0.5787234306,"1":0.8127659559,"2":0.8340425491,"3":0.8851063848,"4":0.9042553306,"5":0.9531915188,"6":0.972340405,"7":0.987234056,"8":0.9914893508,"9":0.9978723526,"10":0.9978723526},"setup_6_precision_6":{"0":0.5388470888,"1":0.8405796885,"2":0.8158996105,"3":0.8787878752,"4":0.9070796371,"5":0.9367088675,"6":0.9655172229,"7":0.9911894202,"8":0.9912663698,"9":0.9956521988,"10":0.9956521988},"setup_6_recall_6":{"0":0.9388646483,"1":0.7598253489,"2":0.8515284061,"3":0.8864628673,"4":0.8951964974,"5":0.9694322944,"6":0.9781659245,"7":0.9825327396,"8":0.9912663698,"9":1.0,"10":1.0},"setup_7_accuracy":{"0":0.6034482718,"1":0.8254310489,"2":0.8685345054,"3":0.8793103695,"4":0.9073275924,"5":0.9073275924,"6":0.9375,"7":0.9633620977,"8":0.9827586412,"9":0.9827586412,"10":0.9913793206},"setup_7_precision_6":{"0":0.552631557,"1":0.8294931054,"2":0.8622221947,"3":0.8589743376,"4":0.8951964974,"5":0.9022222161,"6":0.9452054501,"7":0.9442059994,"8":0.9821428657,"9":0.9864864945,"10":0.991071403},"setup_7_recall_6":{"0":0.9375,"1":0.803571403,"2":0.866071403,"3":0.897321403,"4":0.915178597,"5":0.90625,"6":0.9241071343,"7":0.9821428657,"8":0.9821428657,"9":0.977678597,"10":0.991071403},"setup_8_accuracy":{"0":0.5796178579,"1":0.7983014584,"2":0.8556263447,"3":0.8768577576,"4":0.887473464,"5":0.9341825843,"6":0.9469214678,"7":0.9745222926,"8":0.9808917046,"9":0.9893842936,"10":0.9936305881},"setup_8_precision_6":{"0":0.5417721272,"1":0.7809917331,"2":0.8528138399,"3":0.8530611992,"4":0.8708333373,"5":0.9310345054,"6":0.9639639854,"7":0.9659574628,"8":0.9868420959,"9":0.991304338,"10":0.9913793206},"setup_8_recall_6":{"0":0.92640692,"1":0.8181818128,"2":0.8528138399,"3":0.9047619104,"4":0.9047619104,"5":0.9350649118,"6":0.92640692,"7":0.9826839566,"8":0.9740259647,"9":0.9870129824,"10":0.9956709743},"setup_9_accuracy":{"0":0.5729386806,"1":0.7949259877,"2":0.8414376378,"3":0.890063405,"4":0.9006342292,"5":0.9344608784,"6":0.9598308802,"7":0.9661733508,"8":0.9852008224,"9":0.9830867052,"10":0.9873149991},"setup_9_precision_6":{"0":0.5366430283,