{"loss":{"0":0.7331421971,"1":0.6748796701,"2":0.656807065,"3":0.6055246592,"4":0.5414068103,"5":0.4777210653,"6":0.4312247932,"7":0.3850595057,"8":0.3600195944,"9":0.3272491395,"10":0.3031033576,"11":0.2704456151},"setup_0_loss":{"0":0.7565904856,"1":0.6716560721,"2":0.6467337608,"3":0.5906335711,"4":0.5222601295,"5":0.4396743178,"6":0.4237380326,"7":0.3688077331,"8":0.330142349,"9":0.298599273,"10":0.27514714,"11":0.2517020106},"setup_1_loss":{"0":0.7072956562,"1":0.6873058081,"2":0.681365788,"3":0.6691852808,"4":0.6477832794,"5":0.6217220426,"6":0.5765352249,"7":0.5147609115,"8":0.4579260051,"9":0.4439190924,"10":0.3732953668,"11":0.3575379252},"setup_2_loss":{"0":0.7442670465,"1":0.6748702526,"2":0.6627069712,"3":0.6216174364,"4":0.5440762639,"5":0.4582125247,"6":0.4102512896,"7":0.3843396604,"8":0.3478181064,"9":0.3119230866,"10":0.30351156,"11":0.2690009773},"setup_3_loss":{"0":0.7208656073,"1":0.6795131564,"2":0.6737678051,"3":0.6485300064,"4":0.621515274,"5":0.5820652246,"6":0.5175312161,"7":0.4588783085,"8":0.413168937,"9":0.3798039258,"10":0.3518331051,"11":0.28972435},"setup_4_loss":{"0":0.723928988,"1":0.6776028872,"2":0.6619492173,"3":0.6261345744,"4":0.5627990961,"5":0.4816644788,"6":0.3997006118,"7":0.3646496832,"8":0.3641648889,"9":0.3151540458,"10":0.3050496578,"11":0.2697546482},"setup_5_loss":{"0":0.7455923557,"1":0.6629254818,"2":0.6387529969,"3":0.5747176409,"4":0.5104399323,"5":0.44486022,"6":0.4015141129,"7":0.375258714,"8":0.3464511037,"9":0.3354380429,"10":0.2904495001,"11":0.2553934753},"setup_6_loss":{"0":0.7653904557,"1":0.6636188626,"2":0.639749229,"3":0.5393580198,"4":0.4574193954,"5":0.4156264663,"6":0.3939755857,"7":0.3047416806,"8":0.3296875358,"9":0.2553728223,"10":0.2659044564,"11":0.240924716},"setup_7_loss":{"0":0.7226177454,"1":0.6743299961,"2":0.6576214433,"3":0.6065150499,"4":0.5314384699,"5":0.4471624196,"6":0.3908378482,"7":0.3492838442,"8":0.354628861,"9":0.3056382537,"10":0.2863807976,"11":0.2708353102},"setup_8_loss":{"0":0.7278238535,"1":0.6750690937,"2":0.6485909224,"3":0.5827313066,"4":0.4904960394,"5":0.4178685844,"6":0.4023908377,"7":0.3653277457,"8":0.3405771554,"9":0.3190910816,"10":0.3053534031,"11":0.2665415704},"setup_9_loss":{"0":0.7170500755,"1":0.681904912,"2":0.6568326354,"3":0.5958240628,"4":0.5258404613,"5":0.4683538079,"6":0.395772934,"7":0.3645465076,"8":0.3156308234,"9":0.307551682,"10":0.2741086185,"11":0.2330409139},"setup_0_accuracy":{"0":0.4989293218,"1":0.5438972116,"2":0.753747344,"3":0.7730192542,"4":0.766595304,"5":0.7987151742,"6":0.7944325209,"7":0.8329764605,"8":0.8394004107,"9":0.8822270036,"10":0.8929336071,"11":0.8972162604},"setup_0_precision_3":{"0":0.25,"1":0.8571428657,"2":0.8021390438,"3":0.7520661354,"4":0.7741935253,"5":0.8221153617,"6":0.7844827771,"7":0.8378378153,"8":0.8493150473,"9":0.8777292371,"10":0.8739495873,"11":0.9054054022},"setup_0_recall_3":{"0":0.0131578948,"1":0.0789473653,"2":0.6578947306,"3":0.7982456088,"4":0.7368420959,"5":0.75,"6":0.7982456088,"7":0.8157894611,"8":0.8157894611,"9":0.8815789223,"10":0.9122806787,"11":0.8815789223},"setup_1_accuracy":{"0":0.4059196711,"1":0.507399559,"2":0.507399559,"3":0.5095137358,"4":0.5116279125,"5":0.5285412073,"6":0.7293868661,"7":0.7378435731,"8":0.7547568679,"9":0.7526426911,"10":0.7758985162,"11":0.8076109886},"setup_1_precision_3":{"0":0.2142857164,"1":0.0,"2":0.0,"3":1.0,"4":1.0,"5":0.9166666865,"6":0.8070175648,"7":0.6810631156,"8":0.702422142,"9":0.7027971745,"10":0.7167235613,"11":0.7535714507},"setup_1_recall_3":{"0":0.0772532225,"1":0.0,"2":0.0,"3":0.0042918455,"4":0.008583691,"5":0.0472103022,"6":0.5922746658,"7":0.8798283339,"8":0.8712446094,"9":0.8626609445,"10":0.9012875557,"11":0.9055793881},"setup_2_accuracy":{"0":0.5010706782,"1":0.5203425884,"2":0.6188436747,"3":0.7858672142,"4":0.8072805405,"5":0.7987151742,"6":0.8201285005,"7":0.8415417671,"8":0.8394004107,"9":0.8779443502,"10":0.8779443502,"11":0.8993576169},"setup_2_precision_3":{"0":0.3333333433,"1":1.0,"2":0.8529411554,"3":0.8149999976,"4":0.8090909123,"5":0.7894737124,"6":0.8060345054,"7":0.8193277121,"8":0.8240343332,"9":0.8722466826,"10":0.8565400839,"11":0.9013453126},"setup_2_recall_3":{"0":0.0309734512,"1":0.0088495575,"2":0.256637156,"3":0.7212389112,"4":0.7876105905,"5":0.7964601517,"6":0.8274336457,"7":0.862831831,"8":0.849557519,"9":0.8761062026,"10":0.8982300758,"11":0.8893805146},"setup_3_accuracy":{"0":0.4106383026,"1":0.512765944,"2":0.5148935914,"3":0.5170212984,"4":0.5361701846,"5":0.6170212626,"6":0.7595744729,"7":0.8000000119,"8":0.8170212507,"9":0.8553191423,"10":0.8382978439,"11":0.8765957355},"setup_3_precision_3":{"0":0.1923076957,"1":0.0,"2":1.0,"3":1.0,"4":1.0,"5":0.7578947544,"6":0.7636363506,"7":0.7586206794,"8":0.7848605514,"9":0.8312757015,"10":0.7908745408,"11":0.8461538553},"setup_3_recall_3":{"0":0.0655021816,"1":0.0,"2":0.0043668123,"3":0.0087336246,"4":0.0480349362,"5":0.3144104779,"6":0.7336244583,"7":0.8646287918,"8":0.8602620363,"9":0.8820960522,"10":0.9082969427,"11":0.9126637578},"setup_4_accuracy":{"0":0.486140728,"1":0.513859272,"2":0.5565031767,"3":0.6801705956,"4":0.7249466777,"5":0.831556499,"6":0.8294243217,"7":0.8571428657,"8":0.850746274,"9":0.878464818,"10":0.867803812,"11":0.9083155394},"setup_4_precision_3":{"0":0.1176470593,"1":0.0,"2":0.9166666865,"3":0.90625,"4":0.9024389982,"5":0.8743718863,"6":0.8333333135,"7":0.8709677458,"8":0.8405172229,"9":0.8547717929,"10":0.8705357313,"11":0.8902953863},"setup_4_recall_3":{"0":0.0087719299,"1":0.0,"2":0.0964912251,"3":0.3815789521,"4":0.4868420959,"5":0.7631579041,"6":0.811403513,"7":0.8289473653,"8":0.8552631736,"9":0.9035087824,"10":0.8552631736,"11":0.9254385829},"setup_5_accuracy":{"0":0.4626865685,"1":0.6567164063,"2":0.7547974586,"3":0.7739872336,"4":0.767590642,"5":0.776119411,"6":0.820895493,"7":0.8443496823,"8":0.8464818597,"9":0.8656716347,"10":0.897654593,"11":0.906183362},"setup_5_precision_3":{"0":0.2051282078,"1":0.9250000119,"2":0.7590909004,"3":0.7157894969,"4":0.7290076613,"5":0.7695652246,"6":0.8165938854,"7":0.8196721077,"8":0.8552036285,"9":0.8738738894,"10":0.872428,"11":0.8969957232},"setup_5_recall_3":{"0":0.0349344984,"1":0.3231441081,"2":0.7292576432,"3":0.8908296824,"4":0.8340611458,"5":0.7729257345,"6":0.8165938854,"7":0.873362422,"8":0.8253275156,"9":0.8471615911,"10":0.9257642031,"11":0.9126637578},"setup_6_accuracy":{"0":0.487234056,"1":0.5340425372,"2":0.6829787493,"3":0.8127659559,"4":0.7893617153,"5":0.8000000119,"6":0.8234042525,"7":0.8680850863,"8":0.8446808457,"9":0.9148936272,"10":0.9212765694,"11":0.906382978},"setup_6_precision_3":{"0":0.2857142985,"1":0.9166666865,"2":0.8389830589,"3":0.8248847723,"4":0.803738296,"5":0.8609625697,"6":0.7896825671,"7":0.858369112,"8":0.886138618,"9":0.9090909362,"10":0.875,"11":0.9147982001},"setup_6_recall_3":{"0":0.0349344984,"1":0.0480349362,"2":0.4323143959,"3":0.7816593647,"4":0.7510917187,"5":0.7030567527,"6":0.8689956069,"7":0.873362422,"8":0.7816593647,"9":0.9170305729,"10":0.9781659245,"11":0.8908296824},"setup_7_accuracy":{"0":0.4676724076,"1":0.5258620977,"2":0.6551724076,"3":0.788793087,"4":0.7693965435,"5":0.7866379023,"6":0.8189654946,"7":0.8383620977,"8":0.8426724076,"9":0.8663793206,"10":0.8857758641,"11":0.8965517282},"setup_7_precision_3":{"0":0.2653061152,"1":1.0,"2":0.8809523582,"3":0.7669491768,"4":0.717472136,"5":0.7637130618,"6":0.7966101766,"7":0.8143460155,"8":0.8385650516,"9":0.8552631736,"10":0.8766520023,"11":0.8793103695},"setup_7_recall_3":{"0":0.0580357127,"1":0.0178571437,"2":0.3303571343,"3":0.8080357313,"4":0.8616071343,"5":0.8080357313,"6":0.8392857313,"7":0.8616071343,"8":0.834821403,"9":0.8705357313,"10":0.8883928657,"11":0.9107142687},"setup_8_accuracy":{"0":0.4713375866,"1":0.5392781496,"2":0.7112526298,"3":0.7346072197,"4":0.7770700455,"5":0.8067940474,"6":0.8110403419,"7":0.8237791657,"8":0.8535031676,"9":0.887473464,"10":0.8747345805,"11":0.893842876},"setup_8_precision_3":{"0":0.2352941185,"1":0.8888888955,"2":0.7844311595,