{"loss":{"0":10.4339294434,"1":0.691650629,"2":0.6845828891,"3":0.6842685938,"4":0.6751742363,"5":0.6781340241,"6":0.6571260691,"7":0.6607568264,"8":0.661547482,"9":0.6574715376},"setup_0_loss":{"0":5.6347966194,"1":0.6921398044,"2":0.6965559721,"3":0.6964924335,"4":0.6951695085,"5":0.6938462257,"6":0.6929922104,"7":0.6930885911,"8":0.693117559,"9":0.6929524541},"setup_1_loss":{"0":12.4451951981,"1":0.6949087381,"2":0.6939757466,"3":0.6932486892,"4":0.6938844919,"5":0.6934121251,"6":0.6935101151,"7":0.6930934191,"8":0.6941441894,"9":0.6932916641},"setup_2_loss":{"0":11.0394544601,"1":0.7215480804,"2":0.6974946856,"3":0.6969714761,"4":0.695840776,"5":0.6938402057,"6":0.693007946,"7":0.6927183867,"8":0.6938576102,"9":0.6928371787},"setup_3_loss":{"0":11.9623994827,"1":0.6940120459,"2":0.6979532838,"3":0.6976112127,"4":0.6958539486,"5":0.6940948963,"6":0.6933730841,"7":0.6933735609,"8":0.6928909421,"9":0.692955792},"setup_4_loss":{"0":10.9906053543,"1":0.6966127157,"2":0.6991407275,"3":0.6980932951,"4":0.6957684755,"5":0.6939663291,"6":0.6930007339,"7":0.6927309632,"8":0.6927822232,"9":0.6928675175},"setup_5_loss":{"0":9.8902750015,"1":0.6805084944,"2":0.6209061742,"3":0.6126402617,"4":0.5697715282,"5":0.6641017199,"6":0.5191903114,"7":0.4759628773,"8":0.458807379,"9":0.4101907611},"setup_6_loss":{"0":11.2807397842,"1":0.6958945394,"2":0.697755456,"3":0.696818471,"4":0.6946824789,"5":0.6938365698,"6":0.6932172179,"7":0.6931023002,"8":0.6928953528,"9":0.6927446723},"setup_7_loss":{"0":11.0744466782,"1":0.6722180247,"2":0.6883443594,"3":0.7013829947,"4":0.6982495785,"5":0.6951986551,"6":0.693085134,"7":0.691775918,"8":0.6910876036,"9":0.6911192536},"setup_8_loss":{"0":11.6213083267,"1":0.6957295537,"2":0.6987093091,"3":0.698566258,"4":0.6964809895,"5":0.6942728162,"6":0.6934671998,"7":0.6929591894,"8":0.6930944324,"9":0.6930294037},"setup_9_loss":{"0":8.4000711441,"1":0.6729342341,"2":0.6549922228,"3":0.6508604884,"4":0.616040051,"5":0.564770937,"6":0.5064169765,"7":0.588763237,"8":0.6127977371,"9":0.6227265},"setup_0_accuracy":{"0":0.4732334018,"1":0.5096359849,"2":0.4882226884,"3":0.4882226884,"4":0.4882226884,"5":0.4882226884,"6":0.5203425884,"7":0.5117772818,"8":0.5117772818,"9":0.5117772818},"setup_0_precision_9":{"0":0.0,"1":0.4987592995,"2":0.4882226884,"3":0.4882226884,"4":0.4882226884,"5":0.4882226884,"6":0.5104166865,"7":0.0,"8":0.0,"9":0.0},"setup_0_recall_9":{"0":0.0,"1":0.8815789223,"2":1.0,"3":1.0,"4":1.0,"5":1.0,"6":0.4298245609,"7":0.0,"8":0.0,"9":0.0},"setup_1_accuracy":{"0":0.4926004112,"1":0.4989429116,"2":0.4926004112,"3":0.5200845599,"4":0.507399559,"5":0.4756871164,"6":0.4904862642,"7":0.507399559,"8":0.4926004112,"9":0.4926004112},"setup_1_precision_9":{"0":0.0,"1":0.4951456189,"2":0.4926004112,"3":0.546875,"4":0.0,"5":0.4733096063,"6":0.4375,"7":0.0,"8":0.4926004112,"9":0.4926004112},"setup_1_recall_9":{"0":0.0,"1":0.8755365014,"2":1.0,"3":0.1502145976,"4":0.0,"5":0.570815444,"6":0.1201716736,"7":0.0,"8":1.0,"9":1.0},"setup_2_accuracy":{"0":0.4925053418,"1":0.4775160551,"2":0.4839400351,"3":0.4839400351,"4":0.4839400351,"5":0.4839400351,"6":0.5289078951,"7":0.5160599351,"8":0.5160599351,"9":0.5160599351},"setup_2_precision_9":{"0":0.0,"1":0.4689655304,"2":0.4839400351,"3":0.4839400351,"4":0.4839400351,"5":0.4839400351,"6":0.515625,"7":0.0,"8":0.0,"9":0.0},"setup_2_recall_9":{"0":0.0,"1":0.6017699242,"2":1.0,"3":1.0,"4":1.0,"5":1.0,"6":0.4380531013,"7":0.0,"8":0.0,"9":0.0},"setup_3_accuracy":{"0":0.4723404348,"1":0.487234056,"2":0.487234056,"3":0.487234056,"4":0.487234056,"5":0.487234056,"6":0.4914893508,"7":0.512765944,"8":0.512765944,"9":0.512765944},"setup_3_precision_9":{"0":0.0,"1":0.487234056,"2":0.487234056,"3":0.487234056,"4":0.487234056,"5":0.487234056,"6":0.4820143878,"7":0.0,"8":0.0,"9":0.0},"setup_3_recall_9":{"0":0.0,"1":1.0,"2":1.0,"3":1.0,"4":1.0,"5":1.0,"6":0.5851528645,"7":0.0,"8":0.0,"9":0.0},"setup_4_accuracy":{"0":0.6396588683,"1":0.486140728,"2":0.486140728,"3":0.486140728,"4":0.486140728,"5":0.486140728,"6":0.513859272,"7":0.513859272,"8":0.513859272,"9":0.513859272},"setup_4_precision_9":{"0":0.9275362492,"1":0.486140728,"2":0.486140728,"3":0.486140728,"4":0.486140728,"5":0.486140728,"6":0.5,"7":0.0,"8":0.0,"9":0.0},"setup_4_recall_9":{"0":0.2807017565,"1":1.0,"2":1.0,"3":1.0,"4":1.0,"5":1.0,"6":0.2807017565,"7":0.0,"8":0.0,"9":0.0},"setup_5_accuracy":{"0":0.5927505493,"1":0.6098080873,"2":0.6204690933,"3":0.7334755063,"4":0.7356076837,"5":0.6652451754,"6":0.7825160027,"7":0.8081023693,"8":0.8358209133,"9":0.831556499},"setup_5_precision_9":{"0":0.9523809552,"1":0.5958333611,"2":0.6917293072,"3":0.7954545617,"4":0.7027027011,"5":0.6153846383,"6":0.7797356844,"7":0.8034934402,"8":0.8089430928,"9":0.8205128312},"setup_5_recall_9":{"0":0.1746724844,"1":0.6244541407,"2":0.4017467201,"3":0.6113536954,"4":0.79475981,"5":0.8384279609,"6":0.7729257345,"7":0.8034934402,"8":0.8689956069,"9":0.8384279609},"setup_6_accuracy":{"0":0.4765957594,"1":0.487234056,"2":0.487234056,"3":0.487234056,"4":0.487234056,"5":0.4744680822,"6":0.512765944,"7":0.512765944,"8":0.512765944,"9":0.512765944},"setup_6_precision_9":{"0":0.0,"1":0.487234056,"2":0.487234056,"3":0.487234056,"4":0.487234056,"5":0.4676258862,"6":0.0,"7":0.0,"8":0.0,"9":0.0},"setup_6_recall_9":{"0":0.0,"1":1.0,"2":1.0,"3":1.0,"4":1.0,"5":0.5676856041,"6":0.0,"7":0.0,"8":0.0,"9":0.0},"setup_7_accuracy":{"0":0.5517241359,"1":0.6056034565,"2":0.5193965435,"3":0.4827586114,"4":0.4827586114,"5":0.4827586114,"6":0.4827586114,"7":0.4849137962,"8":0.5193965435,"9":0.5193965435},"setup_7_precision_9":{"0":0.8636363745,"1":0.5785440803,"2":0.5012531281,"3":0.4827586114,"4":0.4827586114,"5":0.4827586114,"6":0.4827586114,"7":0.4611398876,"8":1.0,"9":1.0},"setup_7_recall_9":{"0":0.0848214254,"1":0.6741071343,"2":0.8928571343,"3":1.0,"4":1.0,"5":1.0,"6":1.0,"7":0.3973214328,"8":0.0044642859,"9":0.0044642859},"setup_8_accuracy":{"0":0.488322705,"1":0.4904458523,"2":0.4904458523,"3":0.4904458523,"4":0.4904458523,"5":0.4904458523,"6":0.4904458523,"7":0.5095541477,"8":0.5095541477,"9":0.5095541477},"setup_8_precision_9":{"0":0.0833333358,"1":0.4904458523,"2":0.4904458523,"3":0.4904458523,"4":0.4904458523,"5":0.4904458523,"6":0.4868804812,"7":0.0,"8":0.0,"9":0.0},"setup_8_recall_9":{"0":0.0043290043,"1":1.0,"2":1.0,"3":1.0,"4":1.0,"5":1.0,"6":0.7229437232,"7":0.0,"8":0.0,"9":0.0},"setup_9_accuracy":{"0":0.4651162922,"1":0.56659621,"2":0.6849894524,"3":0.6490486264,"4":0.7188160419,"5":0.7357293963,"6":0.7991543412,"7":0.691331923,"8":0.6617336273,"9":0.6849894524},"setup_9_precision_9":{"0":0.0,"1":0.6627907157,"2":0.6926605701,"3":0.5982404947,"4":0.6689189076,"5":0.7288135886,"6":0.7827869058,"7":0.6314199567,"8":0.6064140201,"9":0.6220930219},"setup_9_recall_9":{"0":0.0,"1":0.2446351945,"2":0.6480686665,"3":0.8755365014,"4":0.8497853875,"5":0.7381974459,"6":0.8197425008,"7":0.8969957232,"8":0.8927038908,"9":0.9184549451},"val_loss":{"0":0.6911069155,"1":0.6828784943,"2":0.6919934154,"3":0.6766625047,"4":0.6697724462,"5":0.6646029353,"6":0.6692778468,"7":0.6817170382,"8":0.6651632786,"9":0.6673506498},"val_setup_0_loss":{"0":0.6900824904,"1":0.6963117719,"2":0.6972668171,"3":0.6969866157,"4":0.6938027143,"5":0.6932023764,"6":0.6931480169,"7":0.6925845742,"8":0.6934961677,"9":0.6921483278},"val_setup_1_loss":{"0":0.6915696859,"1":0.6970177293,"2":0.6932655573,"3":0.6921410561,"4":0.692944169,"5":0.6932130456,"6":0.6926590204,"7":0.693228662,"8":0.6938341856,"9":0.6930286288},"val_setup_2_loss":{"0":0.6961814165,"1":0.6980586052,"2":0.6966131926,"3":0.6960100532,"4":0.693844676,"5":0.6932651401,"6":0.692945838,"7":0.6927711964,"8":0.6927031875,"9":0.6927169561},"val_setup_3_loss":{"0":0.6932690144,"1":0.6955322027,"2":0.6973998547,"3":0.6971895099,"4":0.6946557164,"5":0.693544805,"6":0.6930436492,"7":0.6929854155,"8":0.6929599643,"9":0.692987442},"val_setup_4_loss":{"0":0.6950896978,"1":0.7004882097,"2":0.7013656497,"3":0.6989248395,"4":0.6956660748,"5":0.6934248209,"6":0.6923698783,