{"loss":{"0":0.7088421583,"1":0.6913610101,"2":0.6888493896,"3":0.6866775155,"4":0.6807207465,"5":0.6709672213,"6":0.6631783247,"7":0.6541090608,"8":0.6448833346,"9":0.6413433552},"setup_0_loss":{"0":0.7198264003,"1":0.6943819523,"2":0.6871033907,"3":0.6835722923,"4":0.6761493683,"5":0.6627933383,"6":0.6517015696,"7":0.6428758502,"8":0.6300297379,"9":0.6109774113},"setup_1_loss":{"0":0.7011931539,"1":0.6930135489,"2":0.6928238273,"3":0.692466259,"4":0.6829241514,"5":0.6516524553,"6":0.6491308808,"7":0.6284063458,"8":0.6018304229,"9":0.6036875844},"setup_2_loss":{"0":0.6977310181,"1":0.692835331,"2":0.6928093433,"3":0.6928019524,"4":0.6928240657,"5":0.6925591826,"6":0.6922751665,"7":0.6871224046,"8":0.6757953167,"9":0.6584108472},"setup_3_loss":{"0":0.6970432997,"1":0.6929852962,"2":0.6928975582,"3":0.6929122806,"4":0.6929246187,"5":0.6928939223,"6":0.6928776503,"7":0.6928349137,"8":0.6928071976,"9":0.6927146912},"setup_4_loss":{"0":0.7180074453,"1":0.6917972565,"2":0.6869249344,"3":0.6816140413,"4":0.6650130153,"5":0.6497683525,"6":0.6332935095,"7":0.6091792583,"8":0.6067510247,"9":0.5905499458},"setup_5_loss":{"0":0.6966964006,"1":0.6929300427,"2":0.6929289699,"3":0.6929543018,"4":0.6929693222,"5":0.6929605007,"6":0.6929565072,"7":0.6929547787,"8":0.6929488182,"9":0.6929889917},"setup_6_loss":{"0":0.699002862,"1":0.6929097772,"2":0.6928949356,"3":0.6928941011,"4":0.6929186583,"5":0.6929362416,"6":0.6929252148,"7":0.6929265857,"8":0.692897141,"9":0.6929184794},"setup_7_loss":{"0":0.6975107193,"1":0.6928203106,"2":0.6927979589,"3":0.6927587986,"4":0.6927319169,"5":0.6926947236,"6":0.6927563548,"7":0.6926676631,"8":0.6926844716,"9":0.6926285028},"setup_8_loss":{"0":0.7099235654,"1":0.6827409863,"2":0.6796982884,"3":0.6706242561,"4":0.6518847942,"5":0.6310435534,"6":0.6097968817,"7":0.5868480802,"8":0.576482296,"9":0.6014464498},"setup_9_loss":{"0":0.7514865398,"1":0.6871966124,"2":0.677614212,"3":0.6741768122,"4":0.666867137,"5":0.6503702998,"6":0.6240693331,"7":0.6152751446,"8":0.5866075158,"9":0.5771099329},"setup_0_accuracy":{"0":0.5117772818,"1":0.5117772818,"2":0.5117772818,"3":0.5117772818,"4":0.5117772818,"5":0.5117772818,"6":0.5117772818,"7":0.5117772818,"8":0.6252676845,"9":0.6852248311},"setup_0_precision_5":{"0":0.0,"1":0.0,"2":0.0,"3":0.0,"4":0.0,"5":0.0,"6":0.0,"7":0.0,"8":0.6480447054,"9":0.6528301835},"setup_0_recall_5":{"0":0.0,"1":0.0,"2":0.0,"3":0.0,"4":0.0,"5":0.0,"6":0.0,"7":0.0,"8":0.508771956,"9":0.758771956},"setup_1_accuracy":{"0":0.3868921697,"1":0.507399559,"2":0.5116279125,"3":0.5179703832,"4":0.6004228592,"5":0.6152219772,"6":0.6532769799,"7":0.7061311007,"8":0.7124735713,"9":0.7230443954},"setup_1_precision_5":{"0":0.233644858,"1":0.5,"2":1.0,"3":0.7272727489,"4":0.8333333135,"5":0.6094420552,"6":0.6455696225,"7":0.7447916865,"8":0.7593582869,"9":0.7628865838},"setup_1_recall_5":{"0":0.107296139,"1":0.0042918455,"2":0.008583691,"3":0.0343347639,"4":0.2360514998,"5":0.6094420552,"6":0.6566523314,"7":0.6137338877,"8":0.6094420552,"9":0.6351931095},"setup_2_accuracy":{"0":0.428265512,"1":0.5160599351,"2":0.5160599351,"3":0.5160599351,"4":0.5160599351,"5":0.5182012916,"6":0.5203425884,"7":0.558886528,"8":0.5995717049,"9":0.6188436747},"setup_2_precision_5":{"0":0.1272727251,"1":0.0,"2":0.0,"3":0.0,"4":0.0,"5":1.0,"6":0.6666666865,"7":0.6162790656,"8":0.6000000238,"9":0.6263157725},"setup_2_recall_5":{"0":0.0309734512,"1":0.0,"2":0.0,"3":0.0,"4":0.0,"5":0.0044247787,"6":0.017699115,"7":0.2345132679,"8":0.5176991224,"9":0.5265486836},"setup_3_accuracy":{"0":0.4893617034,"1":0.512765944,"2":0.512765944,"3":0.512765944,"4":0.512765944,"5":0.512765944,"6":0.512765944,"7":0.512765944,"8":0.512765944,"9":0.512765944},"setup_3_precision_5":{"0":0.0,"1":0.0,"2":0.0,"3":0.0,"4":0.0,"5":0.0,"6":0.0,"7":0.0,"8":0.0,"9":0.0},"setup_3_recall_5":{"0":0.0,"1":0.0,"2":0.0,"3":0.0,"4":0.0,"5":0.0,"6":0.0,"7":0.0,"8":0.0,"9":0.0},"setup_4_accuracy":{"0":0.513859272,"1":0.513859272,"2":0.513859272,"3":0.513859272,"4":0.513859272,"5":0.513859272,"6":0.513859272,"7":0.5309168696,"8":0.7078891397,"9":0.7270789146},"setup_4_precision_5":{"0":0.0,"1":0.0,"2":0.0,"3":0.0,"4":0.0,"5":0.0,"6":0.0,"7":0.6176470518,"8":0.667896688,"9":0.6760563254},"setup_4_recall_5":{"0":0.0,"1":0.0,"2":0.0,"3":0.0,"4":0.0,"5":0.0,"6":0.0,"7":0.092105262,"8":0.7938596606,"9":0.8421052694},"setup_5_accuracy":{"0":0.4818763435,"1":0.5117270947,"2":0.5117270947,"3":0.5117270947,"4":0.5117270947,"5":0.5117270947,"6":0.5117270947,"7":0.5117270947,"8":0.5117270947,"9":0.5117270947},"setup_5_precision_5":{"0":0.1818181872,"1":0.0,"2":0.0,"3":0.0,"4":0.0,"5":0.0,"6":0.0,"7":0.0,"8":0.0,"9":0.0},"setup_5_recall_5":{"0":0.0174672492,"1":0.0,"2":0.0,"3":0.0,"4":0.0,"5":0.0,"6":0.0,"7":0.0,"8":0.0,"9":0.0},"setup_6_accuracy":{"0":0.419148922,"1":0.512765944,"2":0.512765944,"3":0.512765944,"4":0.512765944,"5":0.512765944,"6":0.512765944,"7":0.512765944,"8":0.512765944,"9":0.512765944},"setup_6_precision_5":{"0":0.1764705926,"1":0.0,"2":0.0,"3":0.0,"4":0.0,"5":0.0,"6":0.0,"7":0.0,"8":0.0,"9":0.0},"setup_6_recall_5":{"0":0.0524017476,"1":0.0,"2":0.0,"3":0.0,"4":0.0,"5":0.0,"6":0.0,"7":0.0,"8":0.0,"9":0.0},"setup_7_accuracy":{"0":0.4331896603,"1":0.5172413588,"2":0.5172413588,"3":0.5172413588,"4":0.5172413588,"5":0.5172413588,"6":0.5172413588,"7":0.5172413588,"8":0.5172413588,"9":0.5172413588},"setup_7_precision_5":{"0":0.1454545408,"1":0.0,"2":0.0,"3":0.0,"4":0.0,"5":0.0,"6":0.0,"7":0.0,"8":0.0,"9":0.0},"setup_7_recall_5":{"0":0.0357142873,"1":0.0,"2":0.0,"3":0.0,"4":0.0,"5":0.0,"6":0.0,"7":0.0,"8":0.0,"9":0.0},"setup_8_accuracy":{"0":0.5095541477,"1":0.5095541477,"2":0.5095541477,"3":0.5095541477,"4":0.5095541477,"5":0.5095541477,"6":0.5732483864,"7":0.7070063949,"8":0.7452229261,"9":0.7239915133},"setup_8_precision_5":{"0":0.0,"1":0.0,"2":0.0,"3":0.0,"4":0.0,"5":0.0,"6":0.7142857313,"7":0.67032969,"8":0.6920415163,"9":0.6723549366},"setup_8_recall_5":{"0":0.0,"1":0.0,"2":0.0,"3":0.0,"4":0.0,"5":0.0,"6":0.2164502144,"7":0.7922077775,"8":0.8658008575,"9":0.8528138399},"setup_9_accuracy":{"0":0.4904862642,"1":0.507399559,"2":0.507399559,"3":0.507399559,"4":0.5031712651,"5":0.4841437638,"6":0.6025369763,"7":0.6849894524,"8":0.6934460998,"9":0.7145877481},"setup_9_precision_5":{"0":0.3000000119,"1":0.0,"2":0.0,"3":0.0,"4":0.0,"5":0.3589743674,"6":0.6000000238,"7":0.6603053212,"8":0.6705426574,"9":0.6713286638},"setup_9_recall_5":{"0":0.0257510729,"1":0.0,"2":0.0,"3":0.0,"4":0.0,"5":0.0600858368,"6":0.5793991685,"7":0.7424892783,"8":0.7424892783,"9":0.8240343332},"val_loss":{"0":0.6924786568,"1":0.6898117661,"2":0.6884050369,"3":0.684959352,"4":0.6768622398,"5":0.6647605896,"6":0.6551735401,"7":0.6482930183,"8":0.6374936104,"9":0.6351749897},"val_setup_0_loss":{"0":0.6960651278,"1":0.6897574663,"2":0.6891738176,"3":0.6842149496,"4":0.6747877598,"5":0.6653980017,"6":0.651209116,"7":0.640288651,"8":0.6277498603,"9":0.6151812673},"val_setup_1_loss":{"0":0.6926418543,"1":0.6926882863,"2":0.6927119493,"3":0.6920377016,"4":0.6741481423,"5":0.6389086246,"6":0.6151250601,"7":0.6205182672,"8":0.5942720771,"9":0.5869546533},"val_setup_2_loss":{"0":0.6929780245,"1":0.6928255558,"2":0.6928203702,"3":0.6929818392,"4":0.692979157,"5":0.6927794218,"6":0.6923135519,"7":0.6787750721,"8":0.6531764269,"9":0.622182548},"val_setup_3_loss":{"0":0.6931567192,"1":0.6929786205,"2":0.6929820776,"3":0.6928077936,"4":0.6928066611,"5":0.692964673,"6":0.6931356788,"7":0.6927312016,"8":0.6928584576,"9":0.6925233603},"val_setup_4_loss":{"0":0.6903898716,"1":0.6875840425,"2":0.6847561598,"3":0.6777986288,"4":0.6632040739,"5":0.6402900815,"6":0.6189564466,"7":0.5995951295,"8":0.5837130547,"9":0.5781798363},"val_setup_5_loss":{"0":0.6931495667,"1":0.6931425333,"2":0.6931372285,"3":0.6927170753,"4":0.6928446889,"5":0.6929934025,"6":0.6929956675,"7":0.6926765442,"8":0.6928158402,"9":0.6925759315},"val_setup_6_loss":{"0":0.6931498051,"1":0.6931456327,"2":0.6929870844,"3":0.692987442,"4":0.6929911375,"5":0.6932759285,