{"loss":{"0":0.7129274011,"1":0.6269569993,"2":0.4965338111,"3":0.3869260848,"4":0.3053033054,"5":0.2264651358,"6":0.1399963498,"7":0.070835337,"8":0.0462492146,"9":0.0579345599,"10":0.0541407876},"setup_0_loss":{"0":0.7144415975,"1":0.6270554662,"2":0.519587338,"3":0.4169539213,"4":0.3661011457,"5":0.2700766027,"6":0.2156316638,"7":0.1155471802,"8":0.0586888306,"9":0.0317328498,"10":0.0322823003},"setup_1_loss":{"0":0.7103706598,"1":0.6331479549,"2":0.5097843409,"3":0.3751137257,"4":0.2756848037,"5":0.1970734894,"6":0.1271713674,"7":0.0577587634,"8":0.0179125555,"9":0.0118393395,"10":0.0460424162},"setup_2_loss":{"0":0.7139458656,"1":0.6217989326,"2":0.4939881861,"3":0.3751572371,"4":0.3121491373,"5":0.2414468378,"6":0.1399607807,"7":0.056801334,"8":0.0335156992,"9":0.1376513392,"10":0.1099224985},"setup_3_loss":{"0":0.7061948776,"1":0.6370580196,"2":0.4398705959,"3":0.3418067992,"4":0.2870426476,"5":0.2366951257,"6":0.1372794956,"7":0.0727614835,"8":0.0509443097,"9":0.0597823299,"10":0.0555384234},"setup_4_loss":{"0":0.7101763487,"1":0.6193413734,"2":0.4533718228,"3":0.3596697748,"4":0.2626737058,"5":0.2051612139,"6":0.0954967961,"7":0.041856125,"8":0.022481041,"9":0.0859723985,"10":0.0609115511},"setup_5_loss":{"0":0.7096070647,"1":0.6395294666,"2":0.5205039382,"3":0.4169006944,"4":0.3330894709,"5":0.2430533022,"6":0.122495003,"7":0.0552994385,"8":0.0320674181,"9":0.0655298829,"10":0.0912370086},"setup_6_loss":{"0":0.7065287232,"1":0.60036695,"2":0.4567835927,"3":0.3444077373,"4":0.2487655431,"5":0.1691145599,"6":0.1005211771,"7":0.038129963,"8":0.0296664555,"9":0.0038867961,"10":0.0052405838},"setup_7_loss":{"0":0.707819581,"1":0.6228863001,"2":0.5263667107,"3":0.4300141037,"4":0.3252814114,"5":0.2223300636,"6":0.1385791451,"7":0.0738579482,"8":0.0338257812,"9":0.0226811152,"10":0.0387181044},"setup_8_loss":{"0":0.7124518752,"1":0.6347010732,"2":0.5313943028,"3":0.396484524,"4":0.3051674068,"5":0.1893293709,"6":0.1108467579,"7":0.0482759029,"8":0.0884384066,"9":0.1255122423,"10":0.0924364477},"setup_9_loss":{"0":0.7377375364,"1":0.6336843967,"2":0.5136873126,"3":0.4127523303,"4":0.3370777667,"5":0.2903706729,"6":0.2119811624,"7":0.1480651349,"8":0.0949516147,"9":0.0347573049,"10":0.009078579},"setup_0_accuracy":{"0":0.5096359849,"1":0.5117772818,"2":0.7451820374,"3":0.8543897271,"4":0.8650963306,"5":0.8993576169,"6":0.9336188436,"7":0.96145612,"8":0.9828693867,"9":0.98715204,"10":0.9935759902},"setup_0_precision_10":{"0":0.0,"1":0.0,"2":0.8224852085,"3":0.8174602985,"4":0.8235294223,"5":0.8494208455,"6":0.919148922,"7":0.9268292785,"8":0.9700854421,"9":0.9784482718,"10":0.9912663698},"setup_0_recall_10":{"0":0.0,"1":0.0,"2":0.6096491218,"3":0.9035087824,"4":0.9210526347,"5":0.9649122953,"6":0.947368443,"7":1.0,"8":0.9956140518,"9":0.9956140518,"10":0.9956140518},"setup_1_accuracy":{"0":0.507399559,"1":0.5539112091,"2":0.8224101663,"3":0.8541226387,"4":0.8858351111,"5":0.9217758775,"6":0.9556025267,"7":0.9873149991,"8":0.9957716465,"9":0.9957716465,"10":0.9852008224},"setup_1_precision_10":{"0":0.0,"1":0.7894737124,"2":0.8016194105,"3":0.8059701324,"4":0.8683127761,"5":0.8920000196,"6":0.9491525292,"7":0.9829787016,"8":0.9957081676,"9":0.9957081676,"10":0.9956140518},"setup_1_recall_10":{"0":0.0,"1":0.1287553608,"2":0.8497853875,"3":0.92703861,"4":0.9055793881,"5":0.9570815563,"6":0.9613733888,"7":0.9914163351,"8":0.9957081676,"9":0.9957081676,"10":0.9742489457},"setup_2_accuracy":{"0":0.5139186382,"1":0.5417559147,"2":0.8072805405,"3":0.8479657173,"4":0.8693790436,"5":0.9100642204,"6":0.96145612,"7":0.9807280302,"8":0.9914346933,"9":0.9571734667,"10":0.9657387733},"setup_2_precision_10":{"0":0.0,"1":0.875,"2":0.7741935253,"3":0.7969348431,"4":0.8113207817,"5":0.8898305297,"6":0.9642857313,"7":0.9617021084,"8":1.0,"9":0.9724770784,"10":0.9487179518},"setup_2_recall_10":{"0":0.0,"1":0.0619469024,"2":0.849557519,"3":0.9203540087,"4":0.9513274431,"5":0.9292035103,"6":0.9557521939,"7":1.0,"8":0.9823008776,"9":0.9380530715,"10":0.9823008776},"setup_3_accuracy":{"0":0.4553191364,"1":0.5978723168,"2":0.8127659559,"3":0.8531914949,"4":0.8893616796,"5":0.8999999762,"6":0.9510638118,"7":0.974468112,"8":0.9787234068,"9":0.9829787016,"10":0.987234056},"setup_3_precision_10":{"0":0.0909090936,"1":0.9545454383,"2":0.8025751114,"3":0.8174602985,"4":0.8554216623,"5":0.8729507923,"6":0.9186992049,"7":0.9737991095,"8":0.9581589699,"9":0.9867841601,"10":0.974468112},"setup_3_recall_10":{"0":0.0131004369,"1":0.1834061146,"2":0.8165938854,"3":0.8995633125,"4":0.9301310182,"5":0.9301310182,"6":0.9868995547,"7":0.9737991095,"8":1.0,"9":0.9781659245,"10":1.0},"setup_4_accuracy":{"0":0.503198266,"1":0.588486135,"2":0.8251599073,"3":0.840085268,"4":0.906183362,"5":0.9232409596,"6":0.963752687,"7":0.9850746393,"8":0.991471231,"9":0.9701492786,"10":0.972281456},"setup_4_precision_10":{"0":0.0,"1":0.9069767594,"2":0.8146551847,"3":0.8000000119,"4":0.8650793433,"5":0.9033613205,"6":0.9527897239,"7":0.9825327396,"8":0.9955752492,"9":0.9819819927,"10":0.9535865188},"setup_4_recall_10":{"0":0.0,"1":0.1710526347,"2":0.8289473653,"3":0.8947368264,"4":0.9561403394,"5":0.9429824352,"6":0.9736841917,"7":0.9868420959,"8":0.9868420959,"9":0.9561403394,"10":0.991228044},"setup_5_accuracy":{"0":0.503198266,"1":0.5287846327,"2":0.795309186,"3":0.820895493,"4":0.8635394573,"5":0.9040511847,"6":0.96162045,"7":0.991471231,"8":0.989338994,"9":0.9765458703,"10":0.9701492786},"setup_5_precision_10":{"0":0.0,"1":1.0,"2":0.7736625671,"3":0.7735849023,"4":0.8136882186,"5":0.8931623697,"6":0.9647576809,"7":0.9912663698,"8":0.9869565368,"9":0.9823008776,"10":0.9613733888},"setup_5_recall_10":{"0":0.0,"1":0.0349344984,"2":0.8209607005,"3":0.8951964974,"4":0.9344978333,"5":0.9126637578,"6":0.9563318491,"7":0.9912663698,"8":0.9912663698,"9":0.9694322944,"10":0.9781659245},"setup_6_accuracy":{"0":0.4319148958,"1":0.7042553425,"2":0.8000000119,"3":0.8531914949,"4":0.9021276832,"5":0.931914866,"6":0.9553191662,"7":0.987234056,"8":0.9914893508,"9":1.0,"10":0.9978723526},"setup_6_precision_10":{"0":0.2790697813,"1":0.8879310489,"2":0.7800830007,"3":0.8125,"4":0.8927038908,"5":0.919148922,"6":0.9521738887,"7":0.9785407782,"8":0.9912663698,"9":1.0,"10":1.0},"setup_6_recall_10":{"0":0.1048034951,"1":0.4497816563,"2":0.8209607005,"3":0.9082969427,"4":0.9082969427,"5":0.9432314634,"6":0.9563318491,"7":0.9956331849,"8":0.9912663698,"9":1.0,"10":0.9956331849},"setup_7_accuracy":{"0":0.5107758641,"1":0.5172413588,"2":0.6831896305,"3":0.8125,"4":0.8534482718,"5":0.913793087,"6":0.9547413588,"7":0.9806034565,"8":0.9892241359,"9":0.9913793206,"10":0.9870689511},"setup_7_precision_10":{"0":0.0,"1":0.0,"2":0.8347826004,"3":0.7275747657,"4":0.822314024,"5":0.859375,"6":0.9393939376,"7":0.9613733888,"8":0.9910314083,"9":0.9824561477,"10":1.0},"setup_7_recall_10":{"0":0.0,"1":0.0,"2":0.4285714328,"3":0.977678597,"4":0.8883928657,"5":0.9821428657,"6":0.96875,"7":1.0,"8":0.9866071343,"9":1.0,"10":0.9732142687},"setup_8_accuracy":{"0":0.4585987329,"1":0.5605095625,"2":0.8046709299,"3":0.8195329309,"4":0.8704883456,"5":0.9278131723,"6":0.9596602917,"7":0.9787685871,"8":0.9745222926,"9":0.9681528807,"10":0.9617834687},"setup_8_precision_10":{"0":0.0714285746,"1":0.875,"2":0.7683397532,"3":0.753472209,"4":0.8294573426,"5":0.905349791,"6":0.9380165339,"7":0.9662446976,"8":0.9740259647,"9":0.9821428657,"10":0.9531915188},"setup_8_recall_10":{"0":0.0086580086,"1":0.1212121248,"2":0.8614718318,"3":0.9393939376,"4":0.92640692,"5":0.9523809552,"6":0.9826839566,"7":0.9913420081,"8":0.9740259647,"9":0.9523809552,"10":0.9696969986},"setup_9_accuracy":{"0":0.507399559,"1":0.507399559,"2":0.7885835171,"3":0.8350951672,"4":0.8562368155,"5":0.8858351111,"6":0.9175475836,"7":0.9513742328,"8":0.9619450569,"9":0.9873149991,"10":1.0},"setup_9_precision_10":{"0":0.0,"1":0.0,"2":0.8064516187,"3":0.7859778404,"4":0.8210116625,"5":0.814035058,"6":0.8849206567,"7":0.9200000167,"8":0.9387755394,"9":0.9748954177,"10":1.0},"setup_9_recall_10":{"0":0.0,