{"loss":{"0":0.8132085204,"1":0.797757566,"2":0.779212296,"3":0.7569684982,"4":0.743026495,"5":0.7176603675,"6":0.7097894549,"7":0.7013484836,"8":0.6789578795,"9":0.6809125543},"setup_0_loss":{"0":0.9028215408,"1":0.8874750733,"2":0.8655307293,"3":0.8187155724,"4":0.8193259835,"5":0.7200644612,"6":0.7806332111,"7":0.7514026165,"8":0.7382122874,"9":0.7403834462},"setup_1_loss":{"0":0.7005054355,"1":0.6977632642,"2":0.6889259815,"3":0.671918869,"4":0.662897706,"5":0.6756862998,"6":0.6594933867,"7":0.656637311,"8":0.6468269229,"9":0.6404951811},"setup_2_loss":{"0":0.9795572162,"1":0.8806318045,"2":0.8705037236,"3":0.9117267132,"4":0.8404567242,"5":0.7877201438,"6":0.7578125596,"7":0.7568418384,"8":0.6805924177,"9":0.7361228466},"setup_3_loss":{"0":0.7590625882,"1":0.7588125467,"2":0.7541145682,"3":0.7232729197,"4":0.7092686892,"5":0.6945980191,"6":0.6809637547,"7":0.6889420152,"8":0.672788322,"9":0.6544677615},"setup_4_loss":{"0":0.7461829782,"1":0.7238410115,"2":0.7172105908,"3":0.692056179,"4":0.6891418099,"5":0.6830803752,"6":0.6597979069,"7":0.657001555,"8":0.6460093856,"9":0.6493179798},"setup_5_loss":{"0":0.878131628,"1":0.9574348927,"2":0.8941740394,"3":0.8101214767,"4":0.8277736902,"5":0.7506744266,"6":0.7525150776,"7":0.7524691224,"8":0.7139819264,"9":0.7526447177},"setup_6_loss":{"0":0.7541584969,"1":0.7217018604,"2":0.7265842557,"3":0.7257582545,"4":0.7127753496,"5":0.7034386992,"6":0.6956338882,"7":0.6947069168,"8":0.6880224347,"9":0.6767404675},"setup_7_loss":{"0":0.8057631254,"1":0.7563726902,"2":0.7394176126,"3":0.7052558064,"4":0.7248171568,"5":0.7030072212,"6":0.7089460492,"7":0.7055533528,"8":0.6756888032,"9":0.6651870012},"setup_8_loss":{"0":0.7451792955,"1":0.7272985578,"2":0.7260527015,"3":0.7178456187,"4":0.6881168485,"5":0.6826746464,"6":0.6684894562,"7":0.6634975076,"8":0.6523095965,"9":0.6426331401},"setup_9_loss":{"0":0.8607234359,"1":0.8662442565,"2":0.8096080422,"3":0.7930133343,"4":0.7556912899,"5":0.7756587267,"6":0.7336085439,"7":0.6864326,"8":0.6751463413,"9":0.651132226},"setup_0_accuracy":{"0":0.4942857027,"1":0.5028571486,"2":0.5099999905,"3":0.5242857337,"4":0.53285712,"5":0.5942857265,"6":0.5385714173,"7":0.5600000024,"8":0.574285686,"9":0.5671428442},"setup_0_precision_18":{"0":0.4772727191,"1":0.4886363745,"2":0.4980544746,"3":0.5183673501,"4":0.528517127,"5":0.6150793433,"6":0.5345454812,"7":0.5653846264,"8":0.5797101259,"9":0.5770751238},"setup_0_recall_18":{"0":0.3684210479,"1":0.3771929741,"2":0.3742690086,"3":0.3713450432,"4":0.4064327478,"5":0.4532163739,"6":0.4298245609,"7":0.4298245609,"8":0.4678362608,"9":0.4269005954},"setup_1_accuracy":{"0":0.5092724562,"1":0.5235378146,"2":0.530670464,"3":0.5791726112,"4":0.5920113921,"5":0.5848787427,"6":0.6262482405,"7":0.611982882,"8":0.6476462483,"9":0.6333808899},"setup_1_precision_18":{"0":0.4977578521,"1":0.5188284516,"2":0.5350000262,"3":0.606194675,"4":0.6289592981,"5":0.620370388,"6":0.6901408434,"7":0.682051301,"8":0.7400000095,"9":0.7149999738},"setup_1_recall_18":{"0":0.3236151636,"1":0.3615160286,"2":0.3119533658,"3":0.3994169235,"4":0.4052478075,"5":0.3906705678,"6":0.4285714328,"7":0.387755096,"8":0.4314868748,"9":0.4169096351},"setup_2_accuracy":{"0":0.4841954112,"1":0.5186781883,"2":0.5143678188,"3":0.4813218415,"4":0.5287356377,"5":0.5675287247,"6":0.5646551847,"7":0.5833333135,"8":0.6048850417,"9":0.5790230036},"setup_2_precision_18":{"0":0.4697406292,"1":0.5040872097,"2":0.5,"3":0.4684931636,"4":0.5139665008,"5":0.5506849289,"6":0.5476838946,"7":0.5625,"8":0.581395328,"9":0.5593667626},"setup_2_recall_18":{"0":0.4822485149,"1":0.5473372936,"2":0.5088757277,"3":0.5059171319,"4":0.5443786979,"5":0.5946745276,"6":0.5946745276,"7":0.6390532255,"8":0.6656804681,"9":0.6272189617},"setup_3_accuracy":{"0":0.5099999905,"1":0.5014285445,"2":0.5371428728,"3":0.5514285564,"4":0.5685714483,"5":0.5614285469,"6":0.5571428537,"7":0.5500000119,"8":0.571428597,"9":0.6242856979},"setup_3_precision_18":{"0":0.4987592995,"1":0.4915254116,"2":0.5217391253,"3":0.5360824466,"4":0.5500000119,"5":0.5449871421,"6":0.542780757,"7":0.5347043872,"8":0.5525000095,"9":0.5985037684},"setup_3_recall_18":{"0":0.5877193213,"1":0.5935672522,"2":0.6315789223,"3":0.608187139,"4":0.6432748437,"5":0.6198830605,"6":0.5935672522,"7":0.608187139,"8":0.6461988091,"9":0.7017543912},"setup_4_accuracy":{"0":0.4683907926,"1":0.5186781883,"2":0.5201149583,"3":0.548850596,"4":0.5344827771,"5":0.5502873659,"6":0.5732758641,"7":0.587643683,"8":0.6163793206,"9":0.6206896305},"setup_4_precision_18":{"0":0.4646680951,"1":0.5023696423,"2":0.5032680035,"3":0.5271867514,"4":0.5142857432,"5":0.5256410241,"6":0.5512820482,"7":0.5570776463,"8":0.578125,"9":0.5842956305},"setup_4_recall_18":{"0":0.6439169049,"1":0.6290801167,"2":0.6854599118,"3":0.6617210507,"4":0.6943620443,"5":0.729970336,"6":0.6379821897,"7":0.7240356207,"8":0.7685459852,"9":0.7507418394},"setup_5_accuracy":{"0":0.5457142591,"1":0.4928571284,"2":0.4971428514,"3":0.5071428418,"4":0.4985714257,"5":0.5400000215,"6":0.5542857051,"7":0.5485714078,"8":0.5600000024,"9":0.5357142687},"setup_5_precision_18":{"0":0.5368098021,"1":0.4741035998,"2":0.4816176593,"3":0.4954128563,"4":0.4875346124,"5":0.5292397738,"6":0.5524475574,"7":0.5338541865,"8":0.546703279,"9":0.5296167135},"setup_5_recall_18":{"0":0.5116959214,"1":0.3479532301,"2":0.3830409348,"3":0.4736842215,"4":0.5146198869,"5":0.5292397738,"6":0.4619883001,"7":0.5994151831,"8":0.5818713307,"9":0.4444444478},"setup_6_accuracy":{"0":0.4893009961,"1":0.5435092449,"2":0.5092724562,"3":0.539229691,"4":0.5563480854,"5":0.542082727,"6":0.5563480854,"7":0.5477888584,"8":0.5691868663,"9":0.5905848742},"setup_6_precision_18":{"0":0.4686192572,"1":0.5481171608,"2":0.49779737,"3":0.5403226018,"4":0.558394134,"5":0.5458333492,"6":0.5606060624,"7":0.5541666746,"8":0.5850622654,"9":0.6176470518},"setup_6_recall_18":{"0":0.3265306056,"1":0.381924212,"2":0.3294460773,"3":0.3906705678,"4":0.4460641444,"5":0.381924212,"6":0.4314868748,"7":0.387755096,"8":0.4110787213,"9":0.4285714328},"setup_7_accuracy":{"0":0.5028653145,"1":0.5415472984,"2":0.5315186381,"3":0.5444126129,"4":0.5386819243,"5":0.5558739305,"6":0.5286533237,"7":0.5630372763,"8":0.5916905403,"9":0.5859599113},"setup_7_precision_18":{"0":0.4921348393,"1":0.5213675499,"2":0.514223218,"3":0.5238095522,"4":0.5195652246,"5":0.5339366794,"6":0.5116772652,"7":0.5379609466,"8":0.560706377,"9":0.5550755858},"setup_7_recall_18":{"0":0.6441176534,"1":0.7176470757,"2":0.6911764741,"3":0.7117646933,"4":0.7029411793,"5":0.6941176653,"6":0.7088235021,"7":0.7294117808,"8":0.7470588088,"9":0.7558823824},"setup_8_accuracy":{"0":0.4964438081,"1":0.4907539189,"2":0.5220483541,"3":0.523470819,"4":0.5433855057,"5":0.5490753651,"6":0.5647225976,"7":0.6031294465,"8":0.5960170627,"9":0.624466598},"setup_8_precision_18":{"0":0.4904051125,"1":0.4863157868,"2":0.509719193,"3":0.5110619664,"4":0.5256410241,"5":0.5299145579,"6":0.542116642,"7":0.5720524192,"8":0.5653104782,"9":0.5867237449},"setup_8_recall_18":{"0":0.6666666865,"1":0.6695652008,"2":0.684057951,"3":0.6695652008,"4":0.7130434513,"5":0.7188405991,"6":0.7275362611,"7":0.7594202757,"8":0.7652173638,"9":0.7942029238},"setup_9_accuracy":{"0":0.5184659362,"1":0.5071022511,"2":0.5369318128,"3":0.5241477489,"4":0.5497159362,"5":0.5497159362,"6":0.5511363745,"7":0.5752840638,"8":0.5823863745,"9":0.5951704383},"setup_9_precision_18":{"0":0.5072463751,"1":0.4989561439,"2":0.5210084319,"3":0.5115303993,"4":0.5292929411,"5":0.53052634,"6":0.5309917331,"7":0.547283709,"8":0.5534979701,"9":0.5599214435},"setup_9_recall_18":{"0":0.7080925107,"1":0.6907514334,"2":0.7167630196,"3":0.7052023411,"4":0.7572254539,"5":0.728323698,"6":0.7427745461,"7":0.7861271501,"8":0.7774566412,"9":0.8236994147},"val_loss":{"0":0.6933694482,"1":0.694973886,"2":0.6965489388,"3":0.6973523498,"4":0.6979939938,"5":0.6987508535,"6":0.6984933615,"7":0.6980667114,"8":0.6973479986,"9":0.6968411207},"val_setup_0_loss":{"0":0.695184052,"1":0.7007833719,