{"loss":{"0":0.8424376249,"1":0.8306078911,"2":0.8047980666,"3":0.7747490406,"4":0.752515614,"5":0.7385020256,"6":0.7140294909,"7":0.6988261342,"8":0.7013245821,"9":0.6930244565},"setup_0_loss":{"0":0.8250054717,"1":0.7877881527,"2":0.8265387416,"3":0.7768409848,"4":0.7611439228,"5":0.7499437332,"6":0.7072182298,"7":0.6782507896,"8":0.6964159012,"9":0.6998546124},"setup_1_loss":{"0":0.8998627067,"1":0.9522986412,"2":0.9383283854,"3":0.8784430623,"4":0.8201727867,"5":0.8081660271,"6":0.7626999021,"7":0.7845173478,"8":0.7974407673,"9":0.7858654261},"setup_2_loss":{"0":0.8748112321,"1":0.8418920636,"2":0.8352786899,"3":0.7745084167,"4":0.7376665473,"5":0.7142509222,"6":0.7147146463,"7":0.6907806993,"8":0.6923795938,"9":0.6506086588},"setup_3_loss":{"0":0.8051965237,"1":0.7966485023,"2":0.7750680447,"3":0.753352046,"4":0.7363672853,"5":0.7205518484,"6":0.7308034301,"7":0.6689525247,"8":0.677726388,"9":0.6796258688},"setup_4_loss":{"0":0.9336917996,"1":0.8659003377,"2":0.8285925388,"3":0.8191503882,"4":0.793195188,"5":0.7827553749,"6":0.7417492867,"7":0.697200954,"8":0.7074718475,"9":0.6857925653},"setup_5_loss":{"0":0.8863099813,"1":0.8311850429,"2":0.8181533217,"3":0.7791486979,"4":0.7538861632,"5":0.7400306463,"6":0.7008416653,"7":0.6936382055,"8":0.6824127436,"9":0.6625642776},"setup_6_loss":{"0":0.8324217796,"1":0.8540377021,"2":0.7775048614,"3":0.763258636,"4":0.6992657781,"5":0.7144476771,"6":0.6840751171,"7":0.6975751519,"8":0.6951833963,"9":0.6918370724},"setup_7_loss":{"0":0.8171784878,"1":0.8237180114,"2":0.7234799862,"3":0.7354105711,"4":0.7775694728,"5":0.7214372754,"6":0.700278759,"7":0.6721577048,"8":0.688565731,"9":0.6721304059},"setup_8_loss":{"0":0.7725449204,"1":0.7604530454,"2":0.7822411656,"3":0.7114387751,"4":0.7106870413,"5":0.7071297765,"6":0.6920741796,"7":0.6894267201,"8":0.6647503376,"9":0.7038740516},"setup_9_loss":{"0":0.777351439,"1":0.7921562195,"2":0.742795527,"3":0.75593853,"4":0.7352018356,"5":0.7263066173,"6":0.7058395743,"7":0.7157615423,"8":0.710898757,"9":0.6980908513},"setup_0_accuracy":{"0":0.4657097161,"1":0.4896331728,"2":0.452950567,"3":0.508771956,"4":0.521531105,"5":0.5247209072,"6":0.5885167718,"7":0.6108452678,"8":0.5885167718,"9":0.5709728599},"setup_0_precision_17":{"0":0.4640198648,"1":0.4827586114,"2":0.4526854157,"3":0.4974747598,"4":0.5076530576,"5":0.5099999905,"6":0.5600000024,"7":0.5771144032,"8":0.5585365891,"9":0.5473145843},"setup_0_recall_17":{"0":0.6111111045,"1":0.6405228972,"2":0.5784313679,"3":0.6437908411,"4":0.6503267884,"5":0.6666666865,"6":0.7320261598,"7":0.7581699491,"8":0.7483659983,"9":0.6993464231},"setup_1_accuracy":{"0":0.5143312216,"1":0.4840764403,"2":0.5015923381,"3":0.5302547812,"4":0.5605095625,"5":0.5191082954,"6":0.5636942387,"7":0.5573248267,"8":0.5509554148,"9":0.5748407841},"setup_1_precision_17":{"0":0.5028901696,"1":0.4764542878,"2":0.4911242723,"3":0.5168539286,"4":0.5431754589,"5":0.5071633458,"6":0.5457063913,"7":0.5420289636,"8":0.5342465639,"9":0.5609756112},"setup_1_recall_17":{"0":0.5667752624,"1":0.5602605939,"2":0.5407165885,"3":0.5993485451,"4":0.635179162,"5":0.5765472054,"6":0.6416938305,"7":0.6091205478,"8":0.635179162,"9":0.5993485451},"setup_2_accuracy":{"0":0.480769217,"1":0.5016025901,"2":0.5064102411,"3":0.5416666865,"4":0.5769230723,"5":0.5881410241,"6":0.5769230723,"7":0.5977563858,"8":0.5977563858,"9":0.6266025901},"setup_2_precision_17":{"0":0.4466019273,"1":0.4788732529,"2":0.4858490527,"3":0.5388349295,"4":0.5931372643,"5":0.6108374596,"6":0.5904762149,"7":0.6208530664,"8":0.6243902445,"9":0.6787564754},"setup_2_recall_17":{"0":0.3046357632,"1":0.3377483487,"2":0.3410595953,"3":0.3675496578,"4":0.4006622434,"5":0.4105960131,"6":0.4105960131,"7":0.4337748289,"8":0.4238410592,"9":0.4337748289},"setup_3_accuracy":{"0":0.4633758068,"1":0.4745222926,"2":0.5079618096,"3":0.5175158978,"4":0.5605095625,"5":0.547770679,"6":0.5366241932,"7":0.5764331222,"8":0.5764331222,"9":0.5541401505},"setup_3_precision_17":{"0":0.4619164765,"1":0.4707317054,"2":0.4964200556,"3":0.5036144853,"4":0.5375000238,"5":0.5266990066,"6":0.5184274912,"7":0.5495049357,"8":0.5485436916,"9":0.5314009786},"setup_3_recall_17":{"0":0.614379108,"1":0.6307189465,"2":0.6797385812,"3":0.683006525,"4":0.702614367,"5":0.7091503143,"6":0.6895424724,"7":0.7254902124,"8":0.7385621071,"9":0.7189542651},"setup_4_accuracy":{"0":0.480769217,"1":0.5048077106,"2":0.519230783,"3":0.5144230723,"4":0.5224359035,"5":0.5592948794,"6":0.5560897589,"7":0.6041666865,"8":0.5881410241,"9":0.6073718071},"setup_4_precision_17":{"0":0.470588237,"1":0.4897435904,"2":0.5012919903,"3":0.4973545074,"4":0.5038961172,"5":0.5355191231,"6":0.5307692289,"7":0.5674999952,"8":0.5567010045,"9":0.5721649528},"setup_4_recall_17":{"0":0.6112957001,"1":0.6345514655,"2":0.6445182562,"3":0.6245847344,"4":0.6445182562,"5":0.6511628032,"6":0.6877076626,"7":0.7541528344,"8":0.717607975,"9":0.7375415564},"setup_5_accuracy":{"0":0.4761146605,"1":0.5254777074,"2":0.5175158978,"3":0.5414012671,"4":0.5652866364,"5":0.581210196,"6":0.5987260938,"7":0.6035031676,"8":0.6194267273,"9":0.5939490199},"setup_5_precision_17":{"0":0.4639498293,"1":0.5120481849,"2":0.5047923326,"3":0.5284810066,"4":0.5520504713,"5":0.568253994,"6":0.5823170543,"7":0.5899053812,"8":0.6024464965,"9":0.5830618739},"setup_5_recall_17":{"0":0.4836601317,"1":0.555555582,"2":0.5163398981,"3":0.5457516313,"4":0.5718954206,"5":0.5849673152,"6":0.6241829991,"7":0.6111111045,"8":0.6437908411,"9":0.5849673152},"setup_6_accuracy":{"0":0.490476191,"1":0.493650794,"2":0.5206349492,"3":0.5412698388,"4":0.5746032,"5":0.5746032,"6":0.5952380896,"7":0.5809524059,"8":0.5809524059,"9":0.571428597},"setup_6_precision_17":{"0":0.4624277353,"1":0.4670658708,"2":0.5166666508,"3":0.5508021116,"4":0.6162790656,"5":0.6149425507,"6":0.6480447054,"7":0.6182795763,"8":0.6358024478,"9":0.6067415476},"setup_6_recall_17":{"0":0.2597402632,"1":0.2532467544,"2":0.3019480407,"3":0.3344155848,"4":0.344155848,"5":0.3474026024,"6":0.3766233623,"7":0.3733766377,"8":0.3344155848,"9":0.3506493568},"setup_7_accuracy":{"0":0.5175718665,"1":0.4968051016,"2":0.5623003244,"3":0.5447284579,"4":0.5319488645,"5":0.5559105277,"6":0.5591054559,"7":0.595846653,"8":0.5543131232,"9":0.6006389856},"setup_7_precision_17":{"0":0.5063291192,"1":0.4640522897,"2":0.5949367285,"3":0.5683453083,"4":0.5354838967,"5":0.5878378153,"6":0.5843373537,"7":0.6545454264,"8":0.5796178579,"9":0.6708860993},"setup_7_recall_17":{"0":0.2631579041,"1":0.2335526347,"2":0.3092105389,"3":0.2598684132,"4":0.2730263174,"5":0.2861842215,"6":0.3190789521,"7":0.3552631438,"8":0.2993420959,"9":0.3486842215},"setup_8_accuracy":{"0":0.4976228178,"1":0.5103011131,"2":0.5261489749,"3":0.5530903339,"4":0.5134707093,"5":0.543581605,"6":0.5641838312,"7":0.5689381957,"8":0.5736925602,"9":0.5530903339},"setup_8_precision_17":{"0":0.4906976819,"1":0.5,"2":0.5112107396,"3":0.5317646861,"4":0.5022935867,"5":0.5237020254,"6":0.537946403,"7":0.5419501066,"8":0.5462962985,"9":0.5314685106},"setup_8_recall_17":{"0":0.6828479171,"1":0.6893203855,"2":0.7378640771,"3":0.7313916087,"4":0.7087378502,"5":0.7508090734,"6":0.7799353004,"7":0.7734627724,"8":0.7637540698,"9":0.7378640771},"setup_9_accuracy":{"0":0.4920886159,"1":0.5079113841,"2":0.5253164768,"3":0.5047468543,"4":0.5348101258,"5":0.5158227682,"6":0.5522152185,"7":0.5632911325,"8":0.5126582384,"9":0.5427215099},"setup_9_precision_17":{"0":0.4748858511,"1":0.4977169037,"2":0.5219298005,"3":0.4931506813,"4":0.537037015,"5":0.5090090036,"6":0.5685279369,"7":0.5772727132,"8":0.5049505234,"9":0.5483871102},"setup_9_recall_17":{"0":0.3354838789,"1":0.3516128957,"2":0.3838709593,"3":0.3483870924,"4":0.3741935492,"5":0.364516139,"6":0.3612903357,"7":0.4096774161,"8":0.3290322721,"9":0.3838709593},"val_loss":{"0":0.6933462024,"1":0.6936405301,"2":0.6937536001,"3":0.6940079331,"4":0.6943278313,"5":0.694321394,"6":0.695810616,"7":0.6954964399,"8":0.6953799725,"9":0.6968870163},"val_setup_0_loss":{"0":0.69346416,