{"loss":{"0":0.8834610581,"1":0.8766486645,"2":0.8678688407,"3":0.8524368405,"4":0.8469944596,"5":0.8323908448,"6":0.8141033649,"7":0.8175908923,"8":0.7961087227,"9":0.7874005437},"setup_0_loss":{"0":0.8349615335,"1":0.8273997903,"2":0.8364391923,"3":0.8466781974,"4":0.8744650483,"5":0.8410603404,"6":0.815363884,"7":0.7884725332,"8":0.7860443592,"9":0.781956017},"setup_1_loss":{"0":0.9155469537,"1":0.9492281079,"2":0.8931176662,"3":0.8658679724,"4":0.8548932076,"5":0.8546138406,"6":0.8048511147,"7":0.8410491347,"8":0.90433532,"9":0.7790426612},"setup_2_loss":{"0":0.8875571489,"1":0.9007939696,"2":0.8684821129,"3":0.8612404466,"4":0.86733073,"5":0.817274332,"6":0.8275820613,"7":0.7721122503,"8":0.8204599023,"9":0.8001071811},"setup_3_loss":{"0":0.850576818,"1":0.8230612874,"2":0.8033883572,"3":0.8389832377,"4":0.8149520159,"5":0.7825831175,"6":0.8020900488,"7":0.7930677533,"8":0.7706031799,"9":0.7504932284},"setup_4_loss":{"0":0.903811574,"1":0.8382671475,"2":0.8515316844,"3":0.8255258203,"4":0.8026944995,"5":0.7945443988,"6":0.7735255957,"7":0.7887541652,"8":0.7772266865,"9":0.760445416},"setup_5_loss":{"0":0.8148887157,"1":0.7868566513,"2":0.8137703538,"3":0.7485610247,"4":0.7916540504,"5":0.7733610272,"6":0.7348137498,"7":0.7883846164,"8":0.7370769978,"9":0.7660361528},"setup_6_loss":{"0":0.9937665462,"1":0.9653775096,"2":0.9620372057,"3":0.8684433103,"4":0.8755572438,"5":0.8923654556,"6":0.8245326281,"7":0.8872015476,"8":0.7961386442,"9":0.8526969552},"setup_7_loss":{"0":0.9229930639,"1":0.9032580853,"2":0.9221286774,"3":0.9001458883,"4":0.8579902649,"5":0.862277329,"6":0.8735316396,"7":0.8645859361,"8":0.8300862908,"9":0.7836603522},"setup_8_loss":{"0":0.856069386,"1":0.8203848004,"2":0.8379074931,"3":0.8762317896,"4":0.8570362926,"5":0.8301586509,"6":0.805986464,"7":0.8353152275,"8":0.746553123,"9":0.754247129},"setup_9_loss":{"0":0.8544388413,"1":0.9518594742,"2":0.8898851275,"3":0.8926898837,"4":0.8733711243,"5":0.875669539,"6":0.8787569404,"7":0.8169655204,"8":0.7925626636,"9":0.845320344},"setup_0_accuracy":{"0":0.4967879951,"1":0.5117772818,"2":0.4925053418,"3":0.5053533316,"4":0.5096359849,"5":0.4925053418,"6":0.4967879951,"7":0.5331905484,"8":0.5417559147,"9":0.5117772818},"setup_0_precision_12":{"0":0.4858299494,"1":0.5,"2":0.4817813635,"3":0.4935622215,"4":0.4979423881,"5":0.4824902713,"6":0.4867924452,"7":0.5199999809,"8":0.52868855,"9":0.5},"setup_0_recall_12":{"0":0.5263158083,"1":0.5657894611,"2":0.5219298005,"3":0.5043859482,"4":0.5307017565,"5":0.5438596606,"6":0.5657894611,"7":0.5701754093,"8":0.5657894611,"9":0.561403513},"setup_1_accuracy":{"0":0.5031712651,"1":0.482029587,"2":0.5137420893,"3":0.5412262082,"4":0.5116279125,"5":0.5095137358,"6":0.5327695608,"7":0.4968287647,"8":0.4841437638,"9":0.5496828556},"setup_1_precision_12":{"0":0.4941860437,"1":0.4647058845,"2":0.5085714459,"3":0.5487805009,"4":0.5056818128,"5":0.5027624369,"6":0.5357142687,"7":0.4853801131,"8":0.469273746,"9":0.555555582},"setup_1_recall_12":{"0":0.3648068607,"1":0.3390558064,"2":0.3819742501,"3":0.3862660825,"4":0.3819742501,"5":0.3905579448,"6":0.3862660825,"7":0.356223166,"8":0.3605150282,"9":0.429184556},"setup_2_accuracy":{"0":0.5074946284,"1":0.5117772818,"2":0.5182012916,"3":0.5010706782,"4":0.5117772818,"5":0.558886528,"6":0.4860813618,"7":0.5331905484,"8":0.4989293218,"9":0.5010706782},"setup_2_precision_12":{"0":0.4887640476,"1":0.4945054948,"2":0.5026177764,"3":0.4818652868,"4":0.494623661,"5":0.555555582,"6":0.4635416567,"7":0.5219780207,"8":0.4787234068,"9":0.4814814925},"setup_2_recall_12":{"0":0.3849557638,"1":0.3982300758,"2":0.4247787595,"3":0.4115044177,"4":0.4070796371,"5":0.4424778819,"6":0.3938052952,"7":0.4203539789,"8":0.3982300758,"9":0.4026548564},"setup_3_accuracy":{"0":0.5425531864,"1":0.5468084812,"2":0.5319148898,"3":0.5297872424,"4":0.5297872424,"5":0.553191483,"6":0.493617028,"7":0.5212765932,"8":0.5617021322,"9":0.5617021322},"setup_3_precision_12":{"0":0.5393258333,"1":0.5430107713,"2":0.5243242979,"3":0.5206185579,"4":0.5210526586,"5":0.5513513684,"6":0.4769230783,"7":0.5108695626,"8":0.5595855117,"9":0.5577889681},"setup_3_recall_12":{"0":0.4192139804,"1":0.4410480261,"2":0.4235807955,"3":0.4410480261,"4":0.4323143959,"5":0.4454148412,"6":0.4061135352,"7":0.4104803503,"8":0.4716157317,"9":0.4847161472},"setup_4_accuracy":{"0":0.5010660887,"1":0.5287846327,"2":0.4904051125,"3":0.5117270947,"4":0.5117270947,"5":0.5181236863,"6":0.5159914494,"7":0.5181236863,"8":0.541577816,"9":0.522388041},"setup_4_precision_12":{"0":0.4863636494,"1":0.5148935914,"2":0.4755555689,"3":0.4978902936,"4":0.4978540838,"5":0.5042017102,"6":0.5023474097,"7":0.5044247508,"8":0.5288888812,"9":0.5092592835},"setup_4_recall_12":{"0":0.4692982435,"1":0.5307017565,"2":0.4692982435,"3":0.5175438523,"4":0.508771956,"5":0.5263158083,"6":0.4692982435,"7":0.5,"8":0.5219298005,"9":0.4824561477},"setup_5_accuracy":{"0":0.5095948577,"1":0.5074626803,"2":0.4648187757,"3":0.5458422303,"4":0.5351812243,"5":0.5565031767,"6":0.5628997684,"7":0.5458422303,"8":0.5458422303,"9":0.524520278},"setup_5_precision_12":{"0":0.4980237186,"1":0.4960317314,"2":0.4566929042,"3":0.53125,"4":0.520912528,"5":0.5408560038,"6":0.5434782505,"7":0.530534327,"8":0.530534327,"9":0.5113636255},"setup_5_recall_12":{"0":0.5502183437,"1":0.5458515286,"2":0.5065501928,"3":0.593886435,"4":0.5982532501,"5":0.6069868803,"6":0.6550218463,"7":0.6069868803,"8":0.6069868803,"9":0.5895196795},"setup_6_accuracy":{"0":0.4957446754,"1":0.5,"2":0.493617028,"3":0.5191489458,"4":0.5148935914,"5":0.5361701846,"6":0.5425531864,"7":0.5382978916,"8":0.5702127814,"9":0.5148935914},"setup_6_precision_12":{"0":0.4801980257,"1":0.4859813154,"2":0.4794520438,"3":0.5067873597,"4":0.5022830963,"5":0.5234042406,"6":0.5333333611,"7":0.5267857313,"8":0.5639810562,"9":0.50222224},"setup_6_recall_12":{"0":0.4235807955,"1":0.4541484714,"2":0.4585152864,"3":0.4890829623,"4":0.4803493321,"5":0.5371178985,"6":0.4890829623,"7":0.515283823,"8":0.5196506381,"9":0.4934497774},"setup_7_accuracy":{"0":0.4935344756,"1":0.5258620977,"2":0.4827586114,"3":0.5258620977,"4":0.523706913,"5":0.5366379023,"6":0.4827586114,"7":0.4935344756,"8":0.5258620977,"9":0.5840517282},"setup_7_precision_12":{"0":0.4784313738,"1":0.5077519417,"2":0.46875,"3":0.5081967115,"4":0.5065501928,"5":0.5183673501,"6":0.4666666687,"7":0.4767932594,"8":0.5081300735,"9":0.5627530217},"setup_7_recall_12":{"0":0.5446428657,"1":0.584821403,"2":0.5357142687,"3":0.553571403,"4":0.5178571343,"5":0.5669642687,"6":0.5,"7":0.5044642687,"8":0.5580357313,"9":0.6205357313},"setup_8_accuracy":{"0":0.5010615587,"1":0.5180467367,"2":0.4946921468,"3":0.4755838513,"4":0.4755838513,"5":0.5201698542,"6":0.5435244441,"7":0.4861995876,"8":0.5350318551,"9":0.5201698542},"setup_8_precision_12":{"0":0.4918699265,"1":0.507874012,"2":0.4855967164,"3":0.4669421613,"4":0.4626168311,"5":0.5099601746,"6":0.5350877047,"7":0.4763948619,"8":0.5252100825,"9":0.5108225346},"setup_8_recall_12":{"0":0.5238095522,"1":0.5584415793,"2":0.5108225346,"3":0.4891774952,"4":0.4285714328,"5":0.5541125536,"6":0.5281385183,"7":0.4805194736,"8":0.541125536,"9":0.5108225346},"setup_9_accuracy":{"0":0.5285412073,"1":0.5200845599,"2":0.5116279125,"3":0.515856266,"4":0.5052854419,"5":0.4947145879,"6":0.4989429116,"7":0.5264270902,"8":0.5264270902,"9":0.5095137358},"setup_9_precision_12":{"0":0.5199999809,"1":0.5121951103,"2":0.5040650368,"3":0.5086206794,"4":0.498069495,"5":0.4873949587,"6":0.4918032885,"7":0.5188284516,"8":0.5183673501,"9":0.50222224},"setup_9_recall_12":{"0":0.557939887,"1":0.5407725573,"2":0.5321888328,"3":0.5064377785,"4":0.5536480546,"5":0.4978540838,"6":0.5150214434,"7":0.5321888328,"8":0.5450643897,"9":0.4849785268},"val_loss":{"0":0.6933218241,"1":0.6921855211,"2":0.692435801,"3":0.6927266121,"4":0.6930001974,"5":0.6929005384,"6":0.6928855181,"7":0.6928650141,"8":0.6928247809,"9":0.6928896308},"val_setup_0_loss":{"0":0.6917248964,"1":0.6907843947,"2":0.6918452382,"3":0.6936787963,