{"loss":{"0":0.8087661266,"1":0.8185856938,"2":0.7904548645,"3":0.7861444354,"4":0.7577838898,"5":0.7520315051,"6":0.7225119472,"7":0.7096440196,"8":0.7109984756,"9":0.6990340352},"setup_0_loss":{"0":0.9199270606,"1":0.9629381895,"2":0.9640341997,"3":0.9248361588,"4":0.8345738053,"5":0.8839661479,"6":0.8139792085,"7":0.8101766109,"8":0.8060458302,"9":0.7779234052},"setup_1_loss":{"0":0.8162530065,"1":0.8292149305,"2":0.7907773852,"3":0.7824393511,"4":0.7443296313,"5":0.7399475574,"6":0.7375530005,"7":0.709197104,"8":0.6773355007,"9":0.6974105835},"setup_2_loss":{"0":0.8413476348,"1":0.8712581396,"2":0.8037118316,"3":0.8142236471,"4":0.7772520185,"5":0.7583582997,"6":0.7059586048,"7":0.7004259229,"8":0.7261515856,"9":0.7128667235},"setup_3_loss":{"0":0.7566681504,"1":0.773973763,"2":0.7279419899,"3":0.7287372947,"4":0.7022302747,"5":0.7077177763,"6":0.7137035728,"7":0.7224439979,"8":0.6502797008,"9":0.6676620245},"setup_4_loss":{"0":0.6923850179,"1":0.6909632683,"2":0.6890326738,"3":0.685949862,"4":0.6869138479,"5":0.6843752861,"6":0.6836377978,"7":0.6843771338,"8":0.677855134,"9":0.6763327718},"setup_5_loss":{"0":0.7379925847,"1":0.7270397544,"2":0.7365742922,"3":0.7076591253,"4":0.7145935297,"5":0.6757044792,"6":0.6557807922,"7":0.6540912986,"8":0.6529814005,"9":0.6530253291},"setup_6_loss":{"0":0.8141707778,"1":0.8542196751,"2":0.7665150166,"3":0.7618721724,"4":0.7544049621,"5":0.7141567469,"6":0.6822823286,"7":0.659817934,"8":0.6757838726,"9":0.6543525457},"setup_7_loss":{"0":0.7907055616,"1":0.7784261703,"2":0.7793755531,"3":0.7512200475,"4":0.7427019477,"5":0.7627829909,"6":0.7218690515,"7":0.6470555663,"8":0.6987615228,"9":0.6686671376},"setup_8_loss":{"0":0.8042190671,"1":0.8336138129,"2":0.8030110002,"3":0.8536257148,"4":0.8011574745,"5":0.7772665024,"6":0.7383999825,"7":0.8101786375,"8":0.7715893388,"9":0.7343015671},"setup_9_loss":{"0":0.913992703,"1":0.8642092347,"2":0.8435745835,"3":0.8508805633,"4":0.8196817636,"5":0.8160386086,"6":0.7719555497,"7":0.6986751556,"8":0.7732008696,"9":0.7477980256},"setup_0_accuracy":{"0":0.4946466684,"1":0.5246252418,"2":0.5096359849,"3":0.4967879951,"4":0.5182012916,"5":0.5289078951,"6":0.5353319049,"7":0.5267665982,"8":0.5289078951,"9":0.5738757849},"setup_0_precision_14":{"0":0.4701492488,"1":0.520270288,"2":0.4965986311,"3":0.4761904776,"4":0.5104895234,"5":0.5294117928,"6":0.5401459932,"7":0.5248227119,"8":0.5289855003,"9":0.6058394313},"setup_0_recall_14":{"0":0.2763157785,"1":0.3377192914,"2":0.3201754391,"3":0.307017535,"4":0.3201754391,"5":0.3157894611,"6":0.3245614171,"7":0.3245614171,"8":0.3201754391,"9":0.3640350997},"setup_1_accuracy":{"0":0.4862579405,"1":0.4693446159,"2":0.5179703832,"3":0.5264270902,"4":0.5391120315,"5":0.5285412073,"6":0.5369979143,"7":0.5581395626,"8":0.6025369763,"9":0.5327695608},"setup_1_precision_14":{"0":0.4850299358,"1":0.4727272689,"2":0.5074626803,"3":0.5130434632,"4":0.522388041,"5":0.5142045617,"6":0.5208333135,"7":0.5350877047,"8":0.5667656064,"9":0.5178571343},"setup_1_recall_14":{"0":0.6952789426,"1":0.6695278883,"2":0.7296137214,"3":0.7596566677,"4":0.7510729432,"5":0.7768240571,"6":0.7510729432,"7":0.785407722,"8":0.8197425008,"9":0.7467811108},"setup_2_accuracy":{"0":0.5160599351,"1":0.4561027884,"2":0.5117772818,"3":0.5267665982,"4":0.5331905484,"5":0.5203425884,"6":0.5910063982,"7":0.5760171413,"8":0.5802997947,"9":0.5567451715},"setup_2_precision_14":{"0":0.5,"1":0.4548387229,"2":0.4967948794,"3":0.5080385804,"4":0.5124223828,"5":0.5032467246,"6":0.5589225292,"7":0.5432098508,"8":0.5480769277,"9":0.5301587582},"setup_2_recall_14":{"0":0.6548672318,"1":0.6238937974,"2":0.6858407259,"3":0.6991150379,"4":0.7300884724,"5":0.6858407259,"6":0.7345132828,"7":0.7787610888,"8":0.756637156,"9":0.7389380336},"setup_3_accuracy":{"0":0.4914893508,"1":0.4638297856,"2":0.527659595,"3":0.540425539,"4":0.5574468374,"5":0.5446808338,"6":0.5425531864,"7":0.5468084812,"8":0.6234042645,"9":0.6042553186},"setup_3_precision_14":{"0":0.4784482718,"1":0.4488888979,"2":0.5161290169,"3":0.5288888812,"4":0.5466666818,"5":0.5324675441,"6":0.5301724076,"7":0.5360360146,"8":0.6111111045,"9":0.6000000238},"setup_3_recall_14":{"0":0.4847161472,"1":0.4410480261,"2":0.4890829623,"3":0.5196506381,"4":0.5371178985,"5":0.5371178985,"6":0.5371178985,"7":0.5196506381,"8":0.6244541407,"9":0.563318789},"setup_4_accuracy":{"0":0.494669497,"1":0.5287846327,"2":0.5394456387,"3":0.5756929517,"4":0.5543709993,"5":0.5778251886,"6":0.5948827267,"7":0.56929636,"8":0.5778251886,"9":0.618336916},"setup_4_precision_14":{"0":0.487465173,"1":0.5102639198,"2":0.5175438523,"3":0.5435435176,"4":0.527859211,"5":0.5457317233,"6":0.5572289228,"7":0.5380116701,"8":0.5441176295,"9":0.5727003217},"setup_4_recall_14":{"0":0.7675438523,"1":0.7631579041,"2":0.7763158083,"3":0.7938596606,"4":0.7894737124,"5":0.7850877047,"6":0.811403513,"7":0.8070175648,"8":0.811403513,"9":0.8464912176},"setup_5_accuracy":{"0":0.5159914494,"1":0.466950953,"2":0.503198266,"3":0.5565031767,"4":0.5202558637,"5":0.5650320053,"6":0.571428597,"7":0.5906183124,"8":0.60767591,"9":0.6226012707},"setup_5_precision_14":{"0":0.5031055808,"1":0.4670846462,"2":0.4937888086,"3":0.5325077176,"4":0.5061349869,"5":0.5379939079,"6":0.5419161916,"7":0.5565749407,"8":0.5696594715,"9":0.5755813718},"setup_5_recall_14":{"0":0.7074235678,"1":0.6506550312,"2":0.6943231225,"3":0.7510917187,"4":0.720524013,"5":0.7729257345,"6":0.7903929949,"7":0.79475981,"8":0.8034934402,"9":0.8646287918},"setup_6_accuracy":{"0":0.4808510542,"1":0.4723404348,"2":0.5234042406,"3":0.5,"4":0.5297872424,"5":0.5595744848,"6":0.5489361882,"7":0.6085106134,"8":0.5829787254,"9":0.6021276712},"setup_6_precision_14":{"0":0.4758842587,"1":0.4686468542,"2":0.5079872012,"3":0.4901315868,"4":0.5131579041,"5":0.5369127393,"6":0.5280528069,"7":0.5742574334,"8":0.5544554591,"9":0.5673077106},"setup_6_recall_14":{"0":0.6462882161,"1":0.6200873256,"2":0.6943231225,"3":0.6506550312,"4":0.6812227368,"5":0.6986899376,"6":0.6986899376,"7":0.7598253489,"8":0.7336244583,"9":0.7729257345},"setup_7_accuracy":{"0":0.4806034565,"1":0.5150862336,"2":0.5129310489,"3":0.5474137664,"4":0.5495689511,"5":0.5215517282,"6":0.5452586412,"7":0.6077586412,"8":0.5581896305,"9":0.5948275924},"setup_7_precision_14":{"0":0.451977402,"1":0.4970760345,"2":0.4943820238,"3":0.5388888717,"4":0.5418994427,"5":0.5049505234,"6":0.5363128781,"7":0.6206896305,"8":0.5530726314,"9":0.598901093},"setup_7_recall_14":{"0":0.3571428657,"1":0.3794642985,"2":0.3928571343,"3":0.4330357015,"4":0.4330357015,"5":0.4553571343,"6":0.4285714328,"7":0.4821428657,"8":0.4419642985,"9":0.4866071343},"setup_8_accuracy":{"0":0.5286624432,"1":0.4989384413,"2":0.4989384413,"3":0.450106144,"4":0.5095541477,"5":0.5159235597,"6":0.5541401505,"7":0.4692144394,"8":0.5074309707,"9":0.5392781496},"setup_8_precision_14":{"0":0.5245901346,"1":0.4873096347,"2":0.486631006,"3":0.424731195,"4":0.5,"5":0.5076141953,"6":0.5549738407,"7":0.4541062713,"8":0.4975609779,"9":0.5350000262},"setup_8_recall_14":{"0":0.4155844152,"1":0.4155844152,"2":0.3939394057,"3":0.3419913352,"4":0.4155844152,"5":0.4329004288,"6":0.458874464,"7":0.4069263935,"8":0.4415584505,"9":0.46320346},"setup_9_accuracy":{"0":0.4904862642,"1":0.5369979143,"2":0.5348837376,"3":0.5095137358,"4":0.5327695608,"5":0.5454545617,"6":0.543340385,"7":0.5539112091,"8":0.56659621,"9":0.5623678565},"setup_9_precision_14":{"0":0.4848484993,"1":0.5255474448,"2":0.5243445635,"3":0.5018726587,"4":0.5230769515,"5":0.5321428776,"6":0.5318351984,"7":0.54296875,"8":0.5500000119,"9":0.5477941036},"setup_9_recall_14":{"0":0.5493562222,"1":0.6180257797,"2":0.6008583903,"3":0.5751072764,"4":0.5836910009,"5":0.6394850016,"6":0.6094420552,"7":0.5965664983,"8":0.6609442234,"9":0.6394850016},"val_loss":{"0":0.6932578087,"1":0.693317771,"2":0.6938333511,"3":0.6940681338,"4":0.6942403316,"5":0.6945990324,"6":0.6943771839,"7":0.6946953535,"8":0.6951079369,"9":0.6953061223},"val_setup_0_loss":{"0":0.6929600835,"1":0.6930837035,