{"loss":{"0":0.8680700064,"1":0.5964970589,"2":0.3672684133,"3":0.2313002348,"4":0.1284213364,"5":0.0692871809,"6":0.0397503935,"7":0.0229672715,"8":0.0145772537,"9":0.0101115759},"setup_0_loss":{"0":0.8704283834,"1":0.6150354147,"2":0.3697537184,"3":0.236679092,"4":0.1236229986,"5":0.0686074346,"6":0.0363620892,"7":0.0200123042,"8":0.0123496233,"9":0.0089464718},"setup_1_loss":{"0":0.8640414476,"1":0.6170344949,"2":0.3694386482,"3":0.2303771377,"4":0.1317896396,"5":0.0715628415,"6":0.0445030145,"7":0.0253594127,"8":0.0149273388,"9":0.0121876225},"setup_2_loss":{"0":0.9108562469,"1":0.608869195,"2":0.3859716058,"3":0.2527947128,"4":0.1490986645,"5":0.0883371979,"6":0.0570407622,"7":0.0310896561,"8":0.022037331,"9":0.0150248324},"setup_3_loss":{"0":0.8216334581,"1":0.5899723768,"2":0.3953635991,"3":0.2708402276,"4":0.1583386362,"5":0.0854892507,"6":0.0491267145,"7":0.0296429675,"8":0.0171587393,"9":0.0102821169},"setup_4_loss":{"0":0.8340649605,"1":0.6016381979,"2":0.3512779474,"3":0.2113434523,"4":0.1118872389,"5":0.0545728579,"6":0.0288856383,"7":0.0184857212,"8":0.0113026798,"9":0.0081823049},"setup_5_loss":{"0":0.8619366288,"1":0.6143817902,"2":0.3658957183,"3":0.2294129133,"4":0.1219587252,"5":0.0655333102,"6":0.0365394168,"7":0.0229990054,"8":0.0141949654,"9":0.0095476499},"setup_6_loss":{"0":0.8617064357,"1":0.5693886876,"2":0.3588545024,"3":0.2098236382,"4":0.1099289879,"5":0.0586581267,"6":0.0308015812,"7":0.0197246466,"8":0.0112252934,"9":0.007884996},"setup_7_loss":{"0":0.9015720487,"1":0.5846149921,"2":0.3860307038,"3":0.248954758,"4":0.147827521,"5":0.0806023777,"6":0.0474721082,"7":0.0248568654,"8":0.0177478027,"9":0.0103652524},"setup_8_loss":{"0":0.8891988397,"1":0.5668897629,"2":0.3148418665,"3":0.1896960139,"4":0.103715539,"5":0.0554662868,"6":0.0291421432,"7":0.0171742812,"8":0.0117424428,"9":0.0097692562},"setup_9_loss":{"0":0.8652616739,"1":0.5971453786,"2":0.3752555251,"3":0.2330805659,"4":0.1260453761,"5":0.0640421063,"6":0.0376304947,"7":0.02032784,"8":0.0130863255,"9":0.0089252479},"setup_0_accuracy":{"0":0.5053533316,"1":0.6937901378,"2":0.9293361902,"3":0.9764453769,"4":0.9914346933,"5":0.9978586435,"6":1.0,"7":1.0,"8":1.0,"9":1.0},"setup_0_precision_13":{"0":0.493617028,"1":0.6778242588,"2":0.937219739,"3":0.9696969986,"4":0.991228044,"5":1.0,"6":1.0,"7":1.0,"8":1.0,"9":1.0},"setup_0_recall_13":{"0":0.508771956,"1":0.7105262876,"2":0.9166666865,"3":0.9824561477,"4":0.991228044,"5":0.9956140518,"6":1.0,"7":1.0,"8":1.0,"9":1.0},"setup_1_accuracy":{"0":0.4693446159,"1":0.6765327454,"2":0.898520112,"3":0.9682875276,"4":0.9936575294,"5":1.0,"6":1.0,"7":1.0,"8":1.0,"9":1.0},"setup_1_precision_13":{"0":0.4651162922,"1":0.6626016498,"2":0.8775510192,"3":0.9579831958,"4":0.991452992,"5":1.0,"6":1.0,"7":1.0,"8":1.0,"9":1.0},"setup_1_recall_13":{"0":0.5150214434,"1":0.6995708346,"2":0.9227467775,"3":0.9785407782,"4":0.9957081676,"5":1.0,"6":1.0,"7":1.0,"8":1.0,"9":1.0},"setup_2_accuracy":{"0":0.4732334018,"1":0.6680942178,"2":0.9057815671,"3":0.9678800702,"4":0.9935759902,"5":0.9978586435,"6":0.9978586435,"7":1.0,"8":1.0,"9":1.0},"setup_2_precision_13":{"0":0.4600000083,"1":0.6473029256,"2":0.8855932355,"3":0.9606986642,"4":1.0,"5":1.0,"6":0.9955947399,"7":1.0,"8":1.0,"9":1.0},"setup_2_recall_13":{"0":0.5088495612,"1":0.6902654767,"2":0.9247787595,"3":0.9734513164,"4":0.986725688,"5":0.9955752492,"6":1.0,"7":1.0,"8":1.0,"9":1.0},"setup_3_accuracy":{"0":0.4617021382,"1":0.6659574509,"2":0.9042553306,"3":0.9638298154,"4":0.9936169982,"5":1.0,"6":1.0,"7":1.0,"8":1.0,"9":1.0},"setup_3_precision_13":{"0":0.4548872113,"1":0.6395348907,"2":0.8999999762,"3":0.9491525292,"4":0.991304338,"5":1.0,"6":1.0,"7":1.0,"8":1.0,"9":1.0},"setup_3_recall_13":{"0":0.5283842683,"1":0.720524013,"2":0.9039301276,"3":0.9781659245,"4":0.9956331849,"5":1.0,"6":1.0,"7":1.0,"8":1.0,"9":1.0},"setup_4_accuracy":{"0":0.513859272,"1":0.6481876373,"2":0.8848614097,"3":0.9701492786,"4":0.9978678226,"5":1.0,"6":1.0,"7":1.0,"8":1.0,"9":1.0},"setup_4_precision_13":{"0":0.5,"1":0.6275303364,"2":0.8815789223,"3":0.9652174115,"4":1.0,"5":1.0,"6":1.0,"7":1.0,"8":1.0,"9":1.0},"setup_4_recall_13":{"0":0.5438596606,"1":0.6798245907,"2":0.8815789223,"3":0.9736841917,"4":0.9956140518,"5":1.0,"6":1.0,"7":1.0,"8":1.0,"9":1.0},"setup_5_accuracy":{"0":0.4882729352,"1":0.6567164063,"2":0.8742004037,"3":0.9594882727,"4":0.991471231,"5":0.9978678226,"6":1.0,"7":1.0,"8":1.0,"9":1.0},"setup_5_precision_13":{"0":0.4773662686,"1":0.6370967627,"2":0.8427419066,"3":0.9525862336,"4":0.9912663698,"5":0.9956521988,"6":1.0,"7":1.0,"8":1.0,"9":1.0},"setup_5_recall_13":{"0":0.5065501928,"1":0.6899563074,"2":0.9126637578,"3":0.9650654793,"4":0.9912663698,"5":1.0,"6":1.0,"7":1.0,"8":1.0,"9":1.0},"setup_6_accuracy":{"0":0.5170212984,"1":0.7106382847,"2":0.8617021441,"3":0.946808517,"4":0.9978723526,"5":1.0,"6":1.0,"7":1.0,"8":1.0,"9":1.0},"setup_6_precision_13":{"0":0.5042735338,"1":0.7030567527,"2":0.8565217257,"3":0.9553571343,"4":0.9956521988,"5":1.0,"6":1.0,"7":1.0,"8":1.0,"9":1.0},"setup_6_recall_13":{"0":0.515283823,"1":0.7030567527,"2":0.8602620363,"3":0.9344978333,"4":1.0,"5":1.0,"6":1.0,"7":1.0,"8":1.0,"9":1.0},"setup_7_accuracy":{"0":0.4849137962,"1":0.6745689511,"2":0.8965517282,"3":0.9784482718,"4":0.9935345054,"5":0.9978448153,"6":1.0,"7":1.0,"8":1.0,"9":1.0},"setup_7_precision_13":{"0":0.4693877697,"1":0.6527196765,"2":0.9112149477,"3":0.977678597,"4":0.9955157042,"5":1.0,"6":1.0,"7":1.0,"8":1.0,"9":1.0},"setup_7_recall_13":{"0":0.5133928657,"1":0.696428597,"2":0.8705357313,"3":0.977678597,"4":0.991071403,"5":0.9955357313,"6":1.0,"7":1.0,"8":1.0,"9":1.0},"setup_8_accuracy":{"0":0.4861995876,"1":0.6942675114,"2":0.9193205833,"3":0.9851379991,"4":0.9978768826,"5":1.0,"6":1.0,"7":1.0,"8":1.0,"9":1.0},"setup_8_precision_13":{"0":0.4767932594,"1":0.6775510311,"2":0.8844621778,"3":0.9745762944,"4":1.0,"5":1.0,"6":1.0,"7":1.0,"8":1.0,"9":1.0},"setup_8_recall_13":{"0":0.4891774952,"1":0.7186146975,"2":0.9610389471,"3":0.9956709743,"4":0.9956709743,"5":1.0,"6":1.0,"7":1.0,"8":1.0,"9":1.0},"setup_9_accuracy":{"0":0.4883720875,"1":0.6976743937,"2":0.9069767594,"3":0.9682875276,"4":0.9936575294,"5":0.9978858232,"6":1.0,"7":1.0,"8":1.0,"9":1.0},"setup_9_precision_13":{"0":0.4819277227,"1":0.6800000072,"2":0.8953974843,"3":0.9618644118,"4":0.991452992,"5":0.9957264662,"6":1.0,"7":1.0,"8":1.0,"9":1.0},"setup_9_recall_13":{"0":0.5150214434,"1":0.7296137214,"2":0.9184549451,"3":0.9742489457,"4":0.9957081676,"5":1.0,"6":1.0,"7":1.0,"8":1.0,"9":1.0},"val_loss":{"0":0.6940986514,"1":0.6932503581,"2":0.6911219358,"3":0.6901384592,"4":0.690402627,"5":0.6950901747,"6":0.7078438401,"7":0.7187308073,"8":0.7386519313,"9":0.7619866133},"val_setup_0_loss":{"0":0.694321394,"1":0.6925801039,"2":0.6914971471,"3":0.6908079386,"4":0.6879940629,"5":0.6823813915,"6":0.6845623851,"7":0.6874756217,"8":0.683200717,"9":0.6932252049},"val_setup_1_loss":{"0":0.6965115666,"1":0.6961548924,"2":0.6938819885,"3":0.6915328503,"4":0.6885305643,"5":0.6886660457,"6":0.688549459,"7":0.6901986599,"8":0.6982966065,"9":0.711220324},"val_setup_2_loss":{"0":0.69420439,"1":0.6944598556,"2":0.6954082847,"3":0.6937587857,"4":0.6909331679,"5":0.6909670234,"6":0.6941355467,"7":0.6923137307,"8":0.6972325444,"9":0.7248582244},"val_setup_3_loss":{"0":0.6933889985,"1":0.6930071115,"2":0.6915879846,"3":0.6915454865,"4":0.6945934892,"5":0.6948444247,"6":0.6899800301,"7":0.6847828627,"8":0.6738837361,"9":0.6641444564},"val_setup_4_loss":{"0":0.6942719817,"1":0.6925970912,"2":0.6863100529,"3":0.6859406829,"4":0.6842464805,"5":0.6801117063,"6":0.6725350022,"7":0.6650670171,"8":0.6594203711,"9":0.6611895561},"val_setup_5_loss":{"0":0.6943355799,"1":0.6936149001,"2":0.692735672,"3":0.6906632781,"4":0.6891607046,"5":0.6844573617,"6":0.6831200123,"7":0.6829927564,"8":0.6852843165,"9":0.6939253807},"val_setup_6_loss":{"0":0.6935802698,"1":0.6941220164,"2":0.6901568174,"3":0.6902992725,"4":0.6979818344,"5":0.7383856773,"6":0.8175246716,"7":0.9065244794,