{"loss":{"0":0.8797483444,"1":0.7900403142,"2":0.7472600341,"3":0.7249683142,"4":0.7155790329,"5":0.7061184645,"6":0.693834126,"7":0.689837575,"8":0.6780340672,"9":0.6702079773},"setup_0_loss":{"0":0.8466817141,"1":0.7840905786,"2":0.7052923441,"3":0.7406699657,"4":0.721527338,"5":0.6855659485,"6":0.683893621,"7":0.6784741282,"8":0.6811397672,"9":0.6457486153},"setup_1_loss":{"0":0.9012134671,"1":0.7920947671,"2":0.7538182735,"3":0.7197420597,"4":0.7282034159,"5":0.7016505003,"6":0.6903657317,"7":0.6960880756,"8":0.6619144678,"9":0.7078329325},"setup_2_loss":{"0":0.989159286,"1":0.8158847094,"2":0.7515896559,"3":0.716119647,"4":0.7232903242,"5":0.7224628925,"6":0.7398869991,"7":0.6928163171,"8":0.687174201,"9":0.6704881787},"setup_3_loss":{"0":0.8451948762,"1":0.7591403127,"2":0.7344196439,"3":0.7160611153,"4":0.6805749536,"5":0.6892690659,"6":0.6691972017,"7":0.6823958158,"8":0.6809171438,"9":0.6528475285},"setup_4_loss":{"0":0.9049866199,"1":0.7782136798,"2":0.7401425838,"3":0.6914786696,"4":0.7159538865,"5":0.7013311386,"6":0.6727982163,"7":0.6855354905,"8":0.6524304748,"9":0.6629042625},"setup_5_loss":{"0":0.9063732028,"1":0.8071504235,"2":0.7555252314,"3":0.7292891741,"4":0.727011323,"5":0.7291087508,"6":0.707660675,"7":0.7062656283,"8":0.7179508805,"9":0.6962634921},"setup_6_loss":{"0":0.8874089122,"1":0.8339056373,"2":0.7830397487,"3":0.7293587327,"4":0.7043733001,"5":0.7054626942,"6":0.7024874687,"7":0.6803586483,"8":0.6861969829,"9":0.6826414466},"setup_7_loss":{"0":0.8653004169,"1":0.7533330321,"2":0.7394038439,"3":0.7333531976,"4":0.7062010765,"5":0.6981232762,"6":0.6705018282,"7":0.6679518819,"8":0.635625422,"9":0.6235451102},"setup_8_loss":{"0":0.8126484752,"1":0.7687169909,"2":0.7592362165,"3":0.7283673882,"4":0.7140507102,"5":0.6965267062,"6":0.6953746676,"7":0.6875011921,"8":0.6792695522,"9":0.671903193},"setup_9_loss":{"0":0.8385159969,"1":0.8078727722,"2":0.7501323223,"3":0.7452439666,"4":0.7346039414,"5":0.7316838503,"6":0.7061745524,"7":0.7209885716,"8":0.6977208853,"9":0.6879048944},"setup_0_accuracy":{"0":0.5096359849,"1":0.4925053418,"2":0.5631691813,"3":0.4989293218,"4":0.5160599351,"5":0.5695931315,"6":0.5695931315,"7":0.5802997947,"8":0.5674518347,"9":0.6381156445},"setup_0_precision_11":{"0":0.4980237186,"1":0.4813278019,"2":0.5504201651,"3":0.4872881472,"4":0.5041666627,"5":0.5584415793,"6":0.5569620132,"7":0.5666666627,"8":0.5560345054,"9":0.6467661858},"setup_0_recall_11":{"0":0.552631557,"1":0.508771956,"2":0.5745614171,"3":0.5043859482,"4":0.5307017565,"5":0.5657894611,"6":0.5789473653,"7":0.5964912176,"8":0.5657894611,"9":0.5701754093},"setup_1_accuracy":{"0":0.4883720875,"1":0.4735729396,"2":0.4799154401,"3":0.5348837376,"4":0.5369979143,"5":0.5539112091,"6":0.5687103868,"7":0.5539112091,"8":0.5835095048,"9":0.5243129134},"setup_1_precision_11":{"0":0.4799999893,"1":0.4682539701,"2":0.4713656306,"3":0.5288888812,"4":0.532110095,"5":0.5486725569,"6":0.565022409,"7":0.54954952,"8":0.5769230723,"9":0.5170940161},"setup_1_recall_11":{"0":0.463519305,"1":0.5064377785,"2":0.4592274725,"3":0.5107296109,"4":0.4978540838,"5":0.5321888328,"6":0.5407725573,"7":0.5236051679,"8":0.5793991685,"9":0.5193132758},"setup_2_accuracy":{"0":0.4946466684,"1":0.5074946284,"2":0.5096359849,"3":0.5524625182,"4":0.5524625182,"5":0.5310492516,"6":0.5160599351,"7":0.546038568,"8":0.5438972116,"9":0.5781584382},"setup_2_precision_11":{"0":0.4806201458,"1":0.4920634925,"2":0.4940239191,"3":0.5344129801,"4":0.5352697372,"5":0.5146443248,"6":0.5,"7":0.532407403,"8":0.5288888812,"9":0.5622317791},"setup_2_recall_11":{"0":0.5486725569,"1":0.5486725569,"2":0.5486725569,"3":0.5840708017,"4":0.5707964897,"5":0.5442478061,"6":0.5044247508,"7":0.5088495612,"8":0.5265486836,"9":0.5796459913},"setup_3_accuracy":{"0":0.493617028,"1":0.5042552948,"2":0.525531888,"3":0.5425531864,"4":0.5638297796,"5":0.565957427,"6":0.5978723168,"7":0.5702127814,"8":0.5787234306,"9":0.6085106134},"setup_3_precision_11":{"0":0.4814814925,"1":0.4915254116,"2":0.5127118826,"3":0.5279999971,"4":0.5495867729,"5":0.550607264,"6":0.5819672346,"7":0.5564853549,"8":0.5637860298,"9":0.5855513215},"setup_3_recall_11":{"0":0.5109170079,"1":0.5065501928,"2":0.5283842683,"3":0.5764192343,"4":0.5807860494,"5":0.593886435,"6":0.6200873256,"7":0.5807860494,"8":0.5982532501,"9":0.6724891067},"setup_4_accuracy":{"0":0.4925373197,"1":0.494669497,"2":0.5074626803,"3":0.5820895433,"4":0.5565031767,"5":0.533049047,"6":0.5628997684,"7":0.56929636,"8":0.64605546,"9":0.6140725017},"setup_4_precision_11":{"0":0.4772727191,"1":0.4780487716,"2":0.4931506813,"3":0.5683760643,"4":0.5485436916,"5":0.5221675038,"6":0.5657142997,"7":0.5722222328,"8":0.6631578803,"9":0.635838151},"setup_4_recall_11":{"0":0.4605263174,"1":0.4298245609,"2":0.4736842215,"3":0.5833333135,"4":0.495614022,"5":0.4649122953,"6":0.4342105389,"7":0.4517543912,"8":0.552631557,"9":0.4824561477},"setup_5_accuracy":{"0":0.4712153375,"1":0.503198266,"2":0.5074626803,"3":0.4989339113,"4":0.5181236863,"5":0.4797441363,"6":0.522388041,"7":0.5202558637,"8":0.513859272,"9":0.5159914494},"setup_5_precision_11":{"0":0.4541062713,"1":0.4909090996,"2":0.4954128563,"3":0.4863636494,"4":0.5071089864,"5":0.4637681246,"6":0.5121951103,"7":0.5104166865,"8":0.5027624369,"9":0.505494535},"setup_5_recall_11":{"0":0.4104803503,"1":0.4716157317,"2":0.4716157317,"3":0.4672489166,"4":0.4672489166,"5":0.4192139804,"6":0.4585152864,"7":0.4279476106,"8":0.397379905,"9":0.4017467201},"setup_6_accuracy":{"0":0.5191489458,"1":0.5085106492,"2":0.465957433,"3":0.5148935914,"4":0.5702127814,"5":0.5446808338,"6":0.5425531864,"7":0.5638297796,"8":0.540425539,"9":0.5787234306},"setup_6_precision_11":{"0":0.5061224699,"1":0.4957983196,"2":0.4552845657,"3":0.5021276474,"4":0.556016624,"5":0.5319148898,"6":0.5315315127,"7":0.553571403,"8":0.5247148275,"9":0.564853549},"setup_6_recall_11":{"0":0.5414847136,"1":0.515283823,"2":0.4890829623,"3":0.515283823,"4":0.5851528645,"5":0.5458515286,"6":0.515283823,"7":0.5414847136,"8":0.6026200652,"9":0.5895196795},"setup_7_accuracy":{"0":0.5,"1":0.5344827771,"2":0.5323275924,"3":0.5021551847,"4":0.5323275924,"5":0.5517241359,"6":0.586206913,"7":0.5818965435,"8":0.648706913,"9":0.6314654946},"setup_7_precision_11":{"0":0.4849624038,"1":0.5163934231,"2":0.5136186481,"3":0.4853556454,"4":0.5147679448,"5":0.538461566,"6":0.572727263,"7":0.5688073635,"8":0.645933032,"9":0.6188340783},"setup_7_recall_11":{"0":0.5758928657,"1":0.5625,"2":0.5892857313,"3":0.5178571343,"4":0.5446428657,"5":0.5,"6":0.5625,"7":0.553571403,"8":0.602678597,"9":0.616071403},"setup_8_accuracy":{"0":0.5350318551,"1":0.5138004422,"2":0.4734607339,"3":0.4989384413,"4":0.5371549726,"5":0.5392781496,"6":0.5307855606,"7":0.5520169735,"8":0.5414012671,"9":0.549893856},"setup_8_precision_11":{"0":0.5245901346,"1":0.5042735338,"2":0.4644351602,"3":0.4903475046,"4":0.5254902244,"5":0.52868855,"6":0.5204917789,"7":0.5427350402,"8":0.5306122303,"9":0.5372549295},"setup_8_recall_11":{"0":0.5541125536,"1":0.5108225346,"2":0.4805194736,"3":0.5497835279,"4":0.5800865889,"5":0.5584415793,"6":0.5497835279,"7":0.5497835279,"8":0.5627705455,"9":0.5930736065},"setup_9_accuracy":{"0":0.4862579405,"1":0.4904862642,"2":0.5137420893,"3":0.5010570884,"4":0.482029587,"5":0.4883720875,"6":0.5475687385,"7":0.4926004112,"8":0.5412262082,"9":0.5496828556},"setup_9_precision_11":{"0":0.4754901826,"1":0.4818181694,"2":0.5065501928,"3":0.4932735562,"4":0.472222209,"5":0.4796380103,"6":0.5454545617,"7":0.4845815003,"8":0.5380952358,"9":0.5458715558},"setup_9_recall_11":{"0":0.4163089991,"1":0.4549356103,"2":0.4978540838,"3":0.4721029997,"4":0.4377682507,"5":0.4549356103,"6":0.4892703891,"7":0.4721029997,"8":0.4849785268,"9":0.5107296109},"val_loss":{"0":0.6948783994,"1":0.6929428577,"2":0.6933506727,"3":0.6932936311,"4":0.6936362982,"5":0.6943284273,"6":0.6959311962,"7":0.6970981359,"8":0.6997686028,"9":0.7006208897},"val_setup_0_loss":{"0":0.6954475641,"1":0.6954476237,"2":0.6958524585,